{
"meta":{"test_sets":[],"test_metrics":[],"learn_metrics":[{"best_value":"Min","name":"RMSE"}],"launch_mode":"Train","parameters":"","iteration_count":1000,"learn_sets":["learn"],"name":"experiment"},
"iterations":[
{"learn":[4465.728076],"iteration":0,"passed_time":0.1411822827,"remaining_time":141.0411004},
{"learn":[4317.724513],"iteration":1,"passed_time":0.1430773871,"remaining_time":71.39561615},
{"learn":[4167.987108],"iteration":2,"passed_time":0.1449369829,"remaining_time":48.16739065},
{"learn":[4030.483961],"iteration":3,"passed_time":0.14691715,"remaining_time":36.58237035},
{"learn":[3906.484476],"iteration":4,"passed_time":0.1485317117,"remaining_time":29.55781063},
{"learn":[3785.45804],"iteration":5,"passed_time":0.1502481682,"remaining_time":24.89111321},
{"learn":[3673.866255],"iteration":6,"passed_time":0.1519992331,"remaining_time":21.56217693},
{"learn":[3582.053307],"iteration":7,"passed_time":0.1536695047,"remaining_time":19.05501858},
{"learn":[3495.562937],"iteration":8,"passed_time":0.1554221922,"remaining_time":17.11371027},
{"learn":[3404.747833],"iteration":9,"passed_time":0.1572728677,"remaining_time":15.57001391},
{"learn":[3325.100443],"iteration":10,"passed_time":0.1589122832,"remaining_time":14.28765892},
{"learn":[3254.100465],"iteration":11,"passed_time":0.1608443859,"remaining_time":13.24285444},
{"learn":[3184.608406],"iteration":12,"passed_time":0.162542385,"remaining_time":12.340718},
{"learn":[3122.3064],"iteration":13,"passed_time":0.1642409733,"remaining_time":11.56725712},
{"learn":[3067.655071],"iteration":14,"passed_time":0.166014526,"remaining_time":10.90162054},
{"learn":[3014.516963],"iteration":15,"passed_time":0.1678661546,"remaining_time":10.32376851},
{"learn":[2962.42526],"iteration":16,"passed_time":0.1696462319,"remaining_time":9.809543882},
{"learn":[2920.193124],"iteration":17,"passed_time":0.1712552795,"remaining_time":9.342926916},
{"learn":[2877.454215],"iteration":18,"passed_time":0.172865054,"remaining_time":8.925295682},
{"learn":[2836.62458],"iteration":19,"passed_time":0.1743222438,"remaining_time":8.541789946},
{"learn":[2795.664099],"iteration":20,"passed_time":0.1760202236,"remaining_time":8.205895185},
{"learn":[2762.199054],"iteration":21,"passed_time":0.1779332744,"remaining_time":7.909942833},
{"learn":[2727.920877],"iteration":22,"passed_time":0.1797119007,"remaining_time":7.633848999},
{"learn":[2696.116268],"iteration":23,"passed_time":0.1812825527,"remaining_time":7.372157144},
{"learn":[2667.277157],"iteration":24,"passed_time":0.183096635,"remaining_time":7.140768767},
{"learn":[2643.704195],"iteration":25,"passed_time":0.1851438551,"remaining_time":6.935773649},
{"learn":[2620.324789],"iteration":26,"passed_time":0.1871057164,"remaining_time":6.742735631},
{"learn":[2598.737095],"iteration":27,"passed_time":0.1888793998,"remaining_time":6.556813451},
{"learn":[2574.864901],"iteration":28,"passed_time":0.1906973347,"remaining_time":6.385072829},
{"learn":[2552.893808],"iteration":29,"passed_time":0.1925628065,"remaining_time":6.226197411},
{"learn":[2535.486441],"iteration":30,"passed_time":0.1944093808,"remaining_time":6.076860967},
{"learn":[2516.769833],"iteration":31,"passed_time":0.1966506446,"remaining_time":5.948682},
{"learn":[2498.817011],"iteration":32,"passed_time":0.1996772493,"remaining_time":5.851148488},
{"learn":[2486.823675],"iteration":33,"passed_time":0.2018847689,"remaining_time":5.735902551},
{"learn":[2477.339487],"iteration":34,"passed_time":0.2040687685,"remaining_time":5.626467474},
{"learn":[2464.056298],"iteration":35,"passed_time":0.206358956,"remaining_time":5.525834265},
{"learn":[2448.52704],"iteration":36,"passed_time":0.2083977604,"remaining_time":5.423974143},
{"learn":[2436.821745],"iteration":37,"passed_time":0.2103286914,"remaining_time":5.324636872},
{"learn":[2424.439105],"iteration":38,"passed_time":0.212356332,"remaining_time":5.232677822},
{"learn":[2415.645902],"iteration":39,"passed_time":0.2140778959,"remaining_time":5.137869502},
{"learn":[2406.096475],"iteration":40,"passed_time":0.2162790477,"remaining_time":5.058819676},
{"learn":[2393.874218],"iteration":41,"passed_time":0.2182371466,"remaining_time":4.977885392},
{"learn":[2382.436519],"iteration":42,"passed_time":0.2201281124,"remaining_time":4.899130314},
{"learn":[2370.428937],"iteration":43,"passed_time":0.2221188183,"remaining_time":4.826036144},
{"learn":[2359.290331],"iteration":44,"passed_time":0.2240059114,"remaining_time":4.753903232},
{"learn":[2353.655857],"iteration":45,"passed_time":0.2262797543,"remaining_time":4.692845338},
{"learn":[2345.404411],"iteration":46,"passed_time":0.2283356611,"remaining_time":4.629869895},
{"learn":[2335.530178],"iteration":47,"passed_time":0.2325125016,"remaining_time":4.611497949},
{"learn":[2330.782632],"iteration":48,"passed_time":0.2350515156,"remaining_time":4.56191819},
{"learn":[2321.186422],"iteration":49,"passed_time":0.2372369044,"remaining_time":4.507501183},
{"learn":[2313.298603],"iteration":50,"passed_time":0.2394886213,"remaining_time":4.456366698},
{"learn":[2307.611719],"iteration":51,"passed_time":0.2421483285,"remaining_time":4.414550296},
{"learn":[2301.396173],"iteration":52,"passed_time":0.2445445088,"remaining_time":4.369502828},
{"learn":[2294.351717],"iteration":53,"passed_time":0.2469076577,"remaining_time":4.325456374},
{"learn":[2286.62096],"iteration":54,"passed_time":0.2491292803,"remaining_time":4.280493998},
{"learn":[2278.826165],"iteration":55,"passed_time":0.2511776938,"remaining_time":4.234138267},
{"learn":[2274.18062],"iteration":56,"passed_time":0.2531632342,"remaining_time":4.188297016},
{"learn":[2267.501093],"iteration":57,"passed_time":0.2553632496,"remaining_time":4.147451398},
{"learn":[2261.458953],"iteration":58,"passed_time":0.2576560421,"remaining_time":4.109395518},
{"learn":[2255.992122],"iteration":59,"passed_time":0.259585488,"remaining_time":4.066839312},
{"learn":[2249.455234],"iteration":60,"passed_time":0.2617454194,"remaining_time":4.029163095},
{"learn":[2244.664463],"iteration":61,"passed_time":0.2639151314,"remaining_time":3.992780536},
{"learn":[2238.973436],"iteration":62,"passed_time":0.2660566602,"remaining_time":3.957064931},
{"learn":[2234.990993],"iteration":63,"passed_time":0.2681719068,"remaining_time":3.922014137},
{"learn":[2231.14429],"iteration":64,"passed_time":0.2705163531,"remaining_time":3.891273695},
{"learn":[2226.566271],"iteration":65,"passed_time":0.2725718829,"remaining_time":3.857305131},
{"learn":[2219.748379],"iteration":66,"passed_time":0.2748053216,"remaining_time":3.826766643},
{"learn":[2216.230429],"iteration":67,"passed_time":0.2778735202,"remaining_time":3.808501777},
{"learn":[2213.002927],"iteration":68,"passed_time":0.2806182072,"remaining_time":3.786312332},
{"learn":[2209.916693],"iteration":69,"passed_time":0.2829531395,"remaining_time":3.759234568},
{"learn":[2203.944916],"iteration":70,"passed_time":0.2850724229,"remaining_time":3.730032125},
{"learn":[2197.336091],"iteration":71,"passed_time":0.2871433249,"remaining_time":3.70095841},
{"learn":[2193.145482],"iteration":72,"passed_time":0.2892279361,"remaining_time":3.672798586},
{"learn":[2191.371483],"iteration":73,"passed_time":0.2912012244,"remaining_time":3.643950456},
{"learn":[2187.279978],"iteration":74,"passed_time":0.2934644156,"remaining_time":3.619394459},
{"learn":[2184.948779],"iteration":75,"passed_time":0.2957340047,"remaining_time":3.595502899},
{"learn":[2180.541579],"iteration":76,"passed_time":0.2981750748,"remaining_time":3.574228493},
{"learn":[2174.703047],"iteration":77,"passed_time":0.3002855421,"remaining_time":3.5495291},
{"learn":[2171.671162],"iteration":78,"passed_time":0.3020979818,"remaining_time":3.521927104},
{"learn":[2168.782082],"iteration":79,"passed_time":0.3042363869,"remaining_time":3.498718449},
{"learn":[2166.30975],"iteration":80,"passed_time":0.3060068299,"remaining_time":3.471855267},
{"learn":[2163.509334],"iteration":81,"passed_time":0.3081716239,"remaining_time":3.450018911},
{"learn":[2160.640571],"iteration":82,"passed_time":0.3100610472,"remaining_time":3.42561422},
{"learn":[2155.561078],"iteration":83,"passed_time":0.3121964301,"remaining_time":3.404427738},
{"learn":[2151.165073],"iteration":84,"passed_time":0.3142227686,"remaining_time":3.382515685},
{"learn":[2149.77027],"iteration":85,"passed_time":0.3161448066,"remaining_time":3.359957595},
{"learn":[2146.070954],"iteration":86,"passed_time":0.3183020687,"remaining_time":3.340342399},
{"learn":[2142.866961],"iteration":87,"passed_time":0.3204968491,"remaining_time":3.3215128},
{"learn":[2140.212586],"iteration":88,"passed_time":0.3229154378,"remaining_time":3.305347908},
{"learn":[2136.828996],"iteration":89,"passed_time":0.3253813652,"remaining_time":3.289967137},
{"learn":[2134.421346],"iteration":90,"passed_time":0.3276434264,"remaining_time":3.272833787},
{"learn":[2130.294711],"iteration":91,"passed_time":0.3295886077,"remaining_time":3.252896258},
{"learn":[2125.676271],"iteration":92,"passed_time":0.3319479453,"remaining_time":3.237384799},
{"learn":[2121.965359],"iteration":93,"passed_time":0.3339625723,"remaining_time":3.21883075},
{"learn":[2116.809163],"iteration":94,"passed_time":0.3358762376,"remaining_time":3.199663106},
{"learn":[2115.502226],"iteration":95,"passed_time":0.3377463968,"remaining_time":3.180445237},
{"learn":[2112.983057],"iteration":96,"passed_time":0.3397140911,"remaining_time":3.162493034},
{"learn":[2109.544374],"iteration":97,"passed_time":0.3429115153,"remaining_time":3.15618558},
{"learn":[2105.797353],"iteration":98,"passed_time":0.3455048086,"remaining_time":3.144442753},
{"learn":[2101.203766],"iteration":99,"passed_time":0.3475764227,"remaining_time":3.128187804},
{"learn":[2096.111378],"iteration":100,"passed_time":0.3496133594,"remaining_time":3.111905051},
{"learn":[2094.004505],"iteration":101,"passed_time":0.3518894178,"remaining_time":3.098006835},
{"learn":[2091.324722],"iteration":102,"passed_time":0.3540739938,"remaining_time":3.083537597},
{"learn":[2086.904828],"iteration":103,"passed_time":0.3567370169,"remaining_time":3.073426607},
{"learn":[2082.726696],"iteration":104,"passed_time":0.3591263048,"remaining_time":3.061124217},
{"learn":[2079.809102],"iteration":105,"passed_time":0.361436381,"remaining_time":3.048340798},
{"learn":[2075.510222],"iteration":106,"passed_time":0.3636659852,"remaining_time":3.03508154},
{"learn":[2073.494572],"iteration":107,"passed_time":0.3664335707,"remaining_time":3.026469861},
{"learn":[2069.378315],"iteration":108,"passed_time":0.3690864985,"remaining_time":3.017028167},
{"learn":[2065.329688],"iteration":109,"passed_time":0.3721612125,"remaining_time":3.011122538},
{"learn":[2063.982074],"iteration":110,"passed_time":0.3748507224,"remaining_time":3.002182813},
{"learn":[2060.665337],"iteration":111,"passed_time":0.3776833828,"remaining_time":2.994489678},
{"learn":[2058.950134],"iteration":112,"passed_time":0.3807279468,"remaining_time":2.988545918},
{"learn":[2056.442197],"iteration":113,"passed_time":0.3835376741,"remaining_time":2.980827888},
{"learn":[2055.322702],"iteration":114,"passed_time":0.3860499959,"remaining_time":2.97090649},
{"learn":[2050.996807],"iteration":115,"passed_time":0.3896064608,"remaining_time":2.969069925},
{"learn":[2047.793856],"iteration":116,"passed_time":0.3925214529,"remaining_time":2.96236276},
{"learn":[2044.485894],"iteration":117,"passed_time":0.395458638,"remaining_time":2.955885752},
{"learn":[2041.086761],"iteration":118,"passed_time":0.3982552054,"remaining_time":2.948427193},
{"learn":[2040.208523],"iteration":119,"passed_time":0.4012767958,"remaining_time":2.942696503},
{"learn":[2038.014389],"iteration":120,"passed_time":0.4042237933,"remaining_time":2.936468714},
{"learn":[2035.190459],"iteration":121,"passed_time":0.4069376262,"remaining_time":2.928616687},
{"learn":[2033.385168],"iteration":122,"passed_time":0.4095824722,"remaining_time":2.920356326},
{"learn":[2030.109136],"iteration":123,"passed_time":0.4126059761,"remaining_time":2.914861573},
{"learn":[2029.556421],"iteration":124,"passed_time":0.4157870845,"remaining_time":2.910509591},
{"learn":[2026.133766],"iteration":125,"passed_time":0.4190666186,"remaining_time":2.906858926},
{"learn":[2025.018984],"iteration":126,"passed_time":0.4215707847,"remaining_time":2.897884213},
{"learn":[2021.920082],"iteration":127,"passed_time":0.4241826173,"remaining_time":2.889744081},
{"learn":[2019.511458],"iteration":128,"passed_time":0.4266781035,"remaining_time":2.880904094},
{"learn":[2017.275133],"iteration":129,"passed_time":0.4294578814,"remaining_time":2.874064283},
{"learn":[2015.096998],"iteration":130,"passed_time":0.4322561693,"remaining_time":2.867409245},
{"learn":[2013.056979],"iteration":131,"passed_time":0.4351600313,"remaining_time":2.861506872},
{"learn":[2010.290644],"iteration":132,"passed_time":0.4379127399,"remaining_time":2.854664252},
{"learn":[2007.648172],"iteration":133,"passed_time":0.4406175916,"remaining_time":2.84757339},
{"learn":[2002.949202],"iteration":134,"passed_time":0.4432205224,"remaining_time":2.839894458},
{"learn":[2002.187566],"iteration":135,"passed_time":0.4456763044,"remaining_time":2.831355346},
{"learn":[1998.979654],"iteration":136,"passed_time":0.4486993538,"remaining_time":2.826478411},
{"learn":[1996.205389],"iteration":137,"passed_time":0.4513266637,"remaining_time":2.819156407},
{"learn":[1992.779896],"iteration":138,"passed_time":0.4541089119,"remaining_time":2.812861677},
{"learn":[1990.167367],"iteration":139,"passed_time":0.4566884367,"remaining_time":2.805371825},
{"learn":[1988.281341],"iteration":140,"passed_time":0.4595269919,"remaining_time":2.799529688},
{"learn":[1985.963434],"iteration":141,"passed_time":0.4628735196,"remaining_time":2.796799154},
{"learn":[1984.985276],"iteration":142,"passed_time":0.4670154729,"remaining_time":2.798826995},
{"learn":[1981.561163],"iteration":143,"passed_time":0.4700365094,"remaining_time":2.794105917},
{"learn":[1980.340302],"iteration":144,"passed_time":0.4729770597,"remaining_time":2.788933697},
{"learn":[1979.172871],"iteration":145,"passed_time":0.4752850323,"remaining_time":2.780091901},
{"learn":[1977.935215],"iteration":146,"passed_time":0.4776461831,"remaining_time":2.771647579},
{"learn":[1976.149178],"iteration":147,"passed_time":0.4802142552,"remaining_time":2.764476658},
{"learn":[1973.20551],"iteration":148,"passed_time":0.4823906575,"remaining_time":2.755130534},
{"learn":[1972.674577],"iteration":149,"passed_time":0.4844982723,"remaining_time":2.74549021},
{"learn":[1971.095029],"iteration":150,"passed_time":0.4866152467,"remaining_time":2.736002281},
{"learn":[1967.982815],"iteration":151,"passed_time":0.4895757636,"remaining_time":2.731317418},
{"learn":[1966.074629],"iteration":152,"passed_time":0.4928203905,"remaining_time":2.728227913},
{"learn":[1964.410685],"iteration":153,"passed_time":0.4955770744,"remaining_time":2.722455877},
{"learn":[1961.850329],"iteration":154,"passed_time":0.4980662077,"remaining_time":2.715264164},
{"learn":[1959.751877],"iteration":155,"passed_time":0.5003495897,"remaining_time":2.707019575},
{"learn":[1957.072067],"iteration":156,"passed_time":0.5027544882,"remaining_time":2.699503398},
{"learn":[1956.009059],"iteration":157,"passed_time":0.504742401,"remaining_time":2.689829757},
{"learn":[1952.839479],"iteration":158,"passed_time":0.5067175666,"remaining_time":2.680185368},
{"learn":[1950.839762],"iteration":159,"passed_time":0.5089141638,"remaining_time":2.67179936},
{"learn":[1949.32908],"iteration":160,"passed_time":0.510842655,"remaining_time":2.66209309},
{"learn":[1946.46946],"iteration":161,"passed_time":0.5131195606,"remaining_time":2.654285134},
{"learn":[1944.349246],"iteration":162,"passed_time":0.5151792234,"remaining_time":2.645429509},
{"learn":[1941.846958],"iteration":163,"passed_time":0.5172632043,"remaining_time":2.636780725},
{"learn":[1940.389617],"iteration":164,"passed_time":0.5192711391,"remaining_time":2.627826674},
{"learn":[1937.797461],"iteration":165,"passed_time":0.521303228,"remaining_time":2.619077664},
{"learn":[1935.714897],"iteration":166,"passed_time":0.5233795483,"remaining_time":2.610629723},
{"learn":[1932.313467],"iteration":167,"passed_time":0.5256243952,"remaining_time":2.603092243},
{"learn":[1930.561472],"iteration":168,"passed_time":0.5277749758,"remaining_time":2.595153875},
{"learn":[1929.46565],"iteration":169,"passed_time":0.5298266823,"remaining_time":2.586800861},
{"learn":[1927.764708],"iteration":170,"passed_time":0.5319723,"remaining_time":2.578976823},
{"learn":[1926.587015],"iteration":171,"passed_time":0.5353276132,"remaining_time":2.577042231},
{"learn":[1925.501088],"iteration":172,"passed_time":0.5374767645,"remaining_time":2.569325343},
{"learn":[1924.034951],"iteration":173,"passed_time":0.5397306247,"remaining_time":2.562169517},
{"learn":[1921.879943],"iteration":174,"passed_time":0.5421532032,"remaining_time":2.555865101},
{"learn":[1919.922941],"iteration":175,"passed_time":0.5444397154,"remaining_time":2.548967758},
{"learn":[1919.013511],"iteration":176,"passed_time":0.5466329626,"remaining_time":2.54168886},
{"learn":[1917.010216],"iteration":177,"passed_time":0.5489624952,"remaining_time":2.535096466},
{"learn":[1914.568624],"iteration":178,"passed_time":0.5512772632,"remaining_time":2.528483984},
{"learn":[1912.400824],"iteration":179,"passed_time":0.5534848962,"remaining_time":2.521431194},
{"learn":[1909.359674],"iteration":180,"passed_time":0.5558158252,"remaining_time":2.514989839},
{"learn":[1906.414399],"iteration":181,"passed_time":0.5580614495,"remaining_time":2.508210251},
{"learn":[1905.053508],"iteration":182,"passed_time":0.5604786366,"remaining_time":2.502246153},
{"learn":[1902.814637],"iteration":183,"passed_time":0.5628678567,"remaining_time":2.496196582},
{"learn":[1901.719361],"iteration":184,"passed_time":0.5652330121,"remaining_time":2.490080567},
{"learn":[1899.72727],"iteration":185,"passed_time":0.5679991129,"remaining_time":2.485759559},
{"learn":[1898.530424],"iteration":186,"passed_time":0.5705552614,"remaining_time":2.480542393},
{"learn":[1897.07391],"iteration":187,"passed_time":0.5728517938,"remaining_time":2.474232216},
{"learn":[1894.501687],"iteration":188,"passed_time":0.5752620503,"remaining_time":2.468452502},
{"learn":[1892.520927],"iteration":189,"passed_time":0.577418401,"remaining_time":2.461625815},
{"learn":[1890.958841],"iteration":190,"passed_time":0.5796630626,"remaining_time":2.455222082},
{"learn":[1889.712849],"iteration":191,"passed_time":0.5820451699,"remaining_time":2.44944009},
{"learn":[1888.888595],"iteration":192,"passed_time":0.5842215322,"remaining_time":2.442833039},
{"learn":[1888.001839],"iteration":193,"passed_time":0.5866656225,"remaining_time":2.437383978},
{"learn":[1887.011473],"iteration":194,"passed_time":0.5890498587,"remaining_time":2.431718648},
{"learn":[1886.114958],"iteration":195,"passed_time":0.5914152119,"remaining_time":2.426009339},
{"learn":[1885.063361],"iteration":196,"passed_time":0.5934192969,"remaining_time":2.418861398},
{"learn":[1883.579593],"iteration":197,"passed_time":0.5955952716,"remaining_time":2.412461656},
{"learn":[1881.437539],"iteration":198,"passed_time":0.5978014252,"remaining_time":2.406225837},
{"learn":[1880.640697],"iteration":199,"passed_time":0.5999239061,"remaining_time":2.399695624},
{"learn":[1879.160165],"iteration":200,"passed_time":0.6022073575,"remaining_time":2.393849148},
{"learn":[1878.376664],"iteration":201,"passed_time":0.6045804235,"remaining_time":2.38839197},
{"learn":[1874.810392],"iteration":202,"passed_time":0.6074917841,"remaining_time":2.385078581},
{"learn":[1873.249809],"iteration":203,"passed_time":0.6105838171,"remaining_time":2.38247411},
{"learn":[1872.046848],"iteration":204,"passed_time":0.6131851309,"remaining_time":2.377961849},
{"learn":[1869.647929],"iteration":205,"passed_time":0.615621528,"remaining_time":2.372832492},
{"learn":[1867.814312],"iteration":206,"passed_time":0.6180826537,"remaining_time":2.367823886},
{"learn":[1865.548192],"iteration":207,"passed_time":0.6207733987,"remaining_time":2.363714095},
{"learn":[1863.485724],"iteration":208,"passed_time":0.6231362985,"remaining_time":2.358377092},
{"learn":[1862.596672],"iteration":209,"passed_time":0.6259222227,"remaining_time":2.35465979},
{"learn":[1860.71746],"iteration":210,"passed_time":0.6288674693,"remaining_time":2.351547077},
{"learn":[1860.068408],"iteration":211,"passed_time":0.6310481354,"remaining_time":2.345594013},
{"learn":[1859.594051],"iteration":212,"passed_time":0.6334729739,"remaining_time":2.340578547},
{"learn":[1859.115618],"iteration":213,"passed_time":0.6361244528,"remaining_time":2.336419719},
{"learn":[1857.891771],"iteration":214,"passed_time":0.6392743783,"remaining_time":2.334094823},
{"learn":[1854.993396],"iteration":215,"passed_time":0.6417377901,"remaining_time":2.329270497},
{"learn":[1854.460062],"iteration":216,"passed_time":0.643948325,"remaining_time":2.323555477},
{"learn":[1853.337213],"iteration":217,"passed_time":0.6459758341,"remaining_time":2.317216065},
{"learn":[1853.073986],"iteration":218,"passed_time":0.6483357971,"remaining_time":2.312101632},
{"learn":[1850.90677],"iteration":219,"passed_time":0.6512379706,"remaining_time":2.308934623},
{"learn":[1850.740374],"iteration":220,"passed_time":0.6534981625,"remaining_time":2.303507098},
{"learn":[1850.471308],"iteration":221,"passed_time":0.6557585172,"remaining_time":2.298108678},
{"learn":[1849.405509],"iteration":222,"passed_time":0.6581579188,"remaining_time":2.293222883},
{"learn":[1847.92884],"iteration":223,"passed_time":0.6605394882,"remaining_time":2.288297513},
{"learn":[1847.238181],"iteration":224,"passed_time":0.6626164877,"remaining_time":2.28234568},
{"learn":[1847.028642],"iteration":225,"passed_time":0.6648384817,"remaining_time":2.276924712},
{"learn":[1845.000966],"iteration":226,"passed_time":0.6669836846,"remaining_time":2.271270433},
{"learn":[1843.811753],"iteration":227,"passed_time":0.6691762447,"remaining_time":2.265807285},
{"learn":[1842.19975],"iteration":228,"passed_time":0.6715380822,"remaining_time":2.260942626},
{"learn":[1842.048153],"iteration":229,"passed_time":0.6734612715,"remaining_time":2.254631213},
{"learn":[1838.987511],"iteration":230,"passed_time":0.6758372559,"remaining_time":2.24986515},
{"learn":[1838.611023],"iteration":231,"passed_time":0.6785139135,"remaining_time":2.246115024},
{"learn":[1838.503545],"iteration":232,"passed_time":0.681940273,"remaining_time":2.244842015},
{"learn":[1838.34189],"iteration":233,"passed_time":0.6842506681,"remaining_time":2.239897486},
{"learn":[1838.293563],"iteration":234,"passed_time":0.6862295026,"remaining_time":2.233896041},
{"learn":[1836.010878],"iteration":235,"passed_time":0.6887560482,"remaining_time":2.229701783},
{"learn":[1835.33091],"iteration":236,"passed_time":0.6908675951,"remaining_time":2.224185549},
{"learn":[1835.207078],"iteration":237,"passed_time":0.6927943987,"remaining_time":2.218106436},
{"learn":[1834.776371],"iteration":238,"passed_time":0.6948004003,"remaining_time":2.212314245},
{"learn":[1832.736668],"iteration":239,"passed_time":0.6971020285,"remaining_time":2.207489757},
{"learn":[1830.901208],"iteration":240,"passed_time":0.6991677245,"remaining_time":2.201943165},
{"learn":[1830.463166],"iteration":241,"passed_time":0.7012054871,"remaining_time":2.196337848},
{"learn":[1829.104939],"iteration":242,"passed_time":0.7034390081,"remaining_time":2.191371725},
{"learn":[1827.271045],"iteration":243,"passed_time":0.7059395238,"remaining_time":2.187255246},
{"learn":[1825.555831],"iteration":244,"passed_time":0.7095572619,"remaining_time":2.186594828},
{"learn":[1824.190345],"iteration":245,"passed_time":0.7122076882,"remaining_time":2.182945516},
{"learn":[1823.024557],"iteration":246,"passed_time":0.7144340339,"remaining_time":2.178011448},
{"learn":[1821.084728],"iteration":247,"passed_time":0.7167044229,"remaining_time":2.173232766},
{"learn":[1819.429134],"iteration":248,"passed_time":0.7191080617,"remaining_time":2.168876122},
{"learn":[1819.211976],"iteration":249,"passed_time":0.7210262812,"remaining_time":2.163078844},
{"learn":[1817.13213],"iteration":250,"passed_time":0.7234152498,"remaining_time":2.15871722},
{"learn":[1816.986271],"iteration":251,"passed_time":0.72538557,"remaining_time":2.153128597},
{"learn":[1815.554703],"iteration":252,"passed_time":0.7273444119,"remaining_time":2.147534686},
{"learn":[1814.31938],"iteration":253,"passed_time":0.7295007879,"remaining_time":2.142549558},
{"learn":[1814.202136],"iteration":254,"passed_time":0.731677331,"remaining_time":2.137645536},
{"learn":[1811.916237],"iteration":255,"passed_time":0.7342298267,"remaining_time":2.133855434},
{"learn":[1811.047662],"iteration":256,"passed_time":0.7363921821,"remaining_time":2.128947048},
{"learn":[1809.159336],"iteration":257,"passed_time":0.7386240744,"remaining_time":2.124259935},
{"learn":[1809.044901],"iteration":258,"passed_time":0.7406761086,"remaining_time":2.119077207},
{"learn":[1807.70177],"iteration":259,"passed_time":0.7428127415,"remaining_time":2.114159341},
{"learn":[1807.55998],"iteration":260,"passed_time":0.7447793788,"remaining_time":2.108781459},
{"learn":[1805.650777],"iteration":261,"passed_time":0.7471520083,"remaining_time":2.104573214},
{"learn":[1804.171635],"iteration":262,"passed_time":0.7495451107,"remaining_time":2.100436299},
{"learn":[1802.474133],"iteration":263,"passed_time":0.7517589992,"remaining_time":2.095812967},
{"learn":[1801.157017],"iteration":264,"passed_time":0.7541213338,"remaining_time":2.091619548},
{"learn":[1799.308006],"iteration":265,"passed_time":0.7562320045,"remaining_time":2.086745456},
{"learn":[1797.937461],"iteration":266,"passed_time":0.7590853211,"remaining_time":2.083930863},
{"learn":[1795.899127],"iteration":267,"passed_time":0.7614230177,"remaining_time":2.079707645},
{"learn":[1794.834014],"iteration":268,"passed_time":0.7639578562,"remaining_time":2.076034174},
{"learn":[1793.038333],"iteration":269,"passed_time":0.7664498636,"remaining_time":2.072253335},
{"learn":[1791.969612],"iteration":270,"passed_time":0.7693234484,"remaining_time":2.069508465},
{"learn":[1791.861655],"iteration":271,"passed_time":0.7716045491,"remaining_time":2.065176882},
{"learn":[1790.410135],"iteration":272,"passed_time":0.7747953416,"remaining_time":2.063282833},
{"learn":[1789.333652],"iteration":273,"passed_time":0.7774435504,"remaining_time":2.05994167},
{"learn":[1788.495293],"iteration":274,"passed_time":0.7800376516,"remaining_time":2.0564629},
{"learn":[1788.381459],"iteration":275,"passed_time":0.7823671256,"remaining_time":2.052296373},
{"learn":[1787.118693],"iteration":276,"passed_time":0.7848590989,"remaining_time":2.048567251},
{"learn":[1786.335695],"iteration":277,"passed_time":0.7872945004,"remaining_time":2.044700105},
{"learn":[1786.152652],"iteration":278,"passed_time":0.7893045279,"remaining_time":2.039743959},
{"learn":[1785.133396],"iteration":279,"passed_time":0.7928811134,"remaining_time":2.038837149},
{"learn":[1784.007621],"iteration":280,"passed_time":0.7956423431,"remaining_time":2.03582507},
{"learn":[1782.247317],"iteration":281,"passed_time":0.7983103368,"remaining_time":2.032577382},
{"learn":[1782.031795],"iteration":282,"passed_time":0.8008703595,"remaining_time":2.02906024},
{"learn":[1780.679162],"iteration":283,"passed_time":0.8039224405,"remaining_time":2.026790378},
{"learn":[1779.229015],"iteration":284,"passed_time":0.8066348959,"remaining_time":2.023662984},
{"learn":[1777.903643],"iteration":285,"passed_time":0.8090804696,"remaining_time":2.019872221},
{"learn":[1777.695793],"iteration":286,"passed_time":0.8113544288,"remaining_time":2.015664487},
{"learn":[1776.710599],"iteration":287,"passed_time":0.813746298,"remaining_time":2.011761681},
{"learn":[1775.812642],"iteration":288,"passed_time":0.8161413463,"remaining_time":2.007877153},
{"learn":[1774.265479],"iteration":289,"passed_time":0.8190613011,"remaining_time":2.005288013},
{"learn":[1774.12918],"iteration":290,"passed_time":0.8219500191,"remaining_time":2.002620493},
{"learn":[1774.11154],"iteration":291,"passed_time":0.8245149534,"remaining_time":1.999166394},
{"learn":[1772.884776],"iteration":292,"passed_time":0.8268464327,"remaining_time":1.995155044},
{"learn":[1771.530075],"iteration":293,"passed_time":0.8291868981,"remaining_time":1.991176701},
{"learn":[1770.239058],"iteration":294,"passed_time":0.8318252532,"remaining_time":1.987921368},
{"learn":[1768.182645],"iteration":295,"passed_time":0.8344738017,"remaining_time":1.984694447},
{"learn":[1768.151276],"iteration":296,"passed_time":0.8368873352,"remaining_time":1.98091514},
{"learn":[1768.032953],"iteration":297,"passed_time":0.8391326077,"remaining_time":1.976748626},
{"learn":[1766.774436],"iteration":298,"passed_time":0.8414206442,"remaining_time":1.972695223},
{"learn":[1765.749979],"iteration":299,"passed_time":0.8436443343,"remaining_time":1.968503447},
{"learn":[1764.833675],"iteration":300,"passed_time":0.8457333641,"remaining_time":1.964012032},
{"learn":[1763.965606],"iteration":301,"passed_time":0.8477814362,"remaining_time":1.959441862},
{"learn":[1762.468059],"iteration":302,"passed_time":0.850119741,"remaining_time":1.955555972},
{"learn":[1761.825039],"iteration":303,"passed_time":0.8523301913,"remaining_time":1.951387543},
{"learn":[1761.227441],"iteration":304,"passed_time":0.8543796064,"remaining_time":1.946865005},
{"learn":[1760.068704],"iteration":305,"passed_time":0.8566150232,"remaining_time":1.942780477},
{"learn":[1759.073191],"iteration":306,"passed_time":0.8590460069,"remaining_time":1.939149455},
{"learn":[1757.52211],"iteration":307,"passed_time":0.8615976902,"remaining_time":1.935797408},
{"learn":[1756.323931],"iteration":308,"passed_time":0.8646001937,"remaining_time":1.933458686},
{"learn":[1756.294556],"iteration":309,"passed_time":0.8671698379,"remaining_time":1.93015222},
{"learn":[1755.874427],"iteration":310,"passed_time":0.8697017585,"remaining_time":1.926766918},
{"learn":[1755.857586],"iteration":311,"passed_time":0.8718866418,"remaining_time":1.922621825},
{"learn":[1755.255687],"iteration":312,"passed_time":0.8743233655,"remaining_time":1.919042019},
{"learn":[1753.456159],"iteration":313,"passed_time":0.8764281197,"remaining_time":1.914744236},
{"learn":[1752.072833],"iteration":314,"passed_time":0.8787464647,"remaining_time":1.910924852},
{"learn":[1751.19115],"iteration":315,"passed_time":0.881006436,"remaining_time":1.906988615},
{"learn":[1749.999741],"iteration":316,"passed_time":0.8831795762,"remaining_time":1.902875869},
{"learn":[1748.747512],"iteration":317,"passed_time":0.885222007,"remaining_time":1.898494996},
{"learn":[1746.796767],"iteration":318,"passed_time":0.8871882199,"remaining_time":1.893966074},
{"learn":[1746.780775],"iteration":319,"passed_time":0.8892169003,"remaining_time":1.889585913},
{"learn":[1745.853243],"iteration":320,"passed_time":0.8918316075,"remaining_time":1.886460005},
{"learn":[1745.827827],"iteration":321,"passed_time":0.8949071141,"remaining_time":1.884307526},
{"learn":[1745.043132],"iteration":322,"passed_time":0.8976718547,"remaining_time":1.881497974},
{"learn":[1743.842078],"iteration":323,"passed_time":0.9002395674,"remaining_time":1.878277616},
{"learn":[1742.893288],"iteration":324,"passed_time":0.9023030238,"remaining_time":1.874013972},
{"learn":[1741.154222],"iteration":325,"passed_time":0.904427191,"remaining_time":1.869889346},
{"learn":[1740.001458],"iteration":326,"passed_time":0.9065254945,"remaining_time":1.865723724},
{"learn":[1738.945662],"iteration":327,"passed_time":0.908671596,"remaining_time":1.861668636},
{"learn":[1738.863414],"iteration":328,"passed_time":0.9106717999,"remaining_time":1.857327592},
{"learn":[1738.021528],"iteration":329,"passed_time":0.9128272404,"remaining_time":1.853315912},
{"learn":[1738.004567],"iteration":330,"passed_time":0.914470652,"remaining_time":1.848280563},
{"learn":[1736.883634],"iteration":331,"passed_time":0.9167213404,"remaining_time":1.844487516},
{"learn":[1734.943842],"iteration":332,"passed_time":0.9191330274,"remaining_time":1.841026214},
{"learn":[1733.766398],"iteration":333,"passed_time":0.9211470712,"remaining_time":1.836778292},
{"learn":[1733.750207],"iteration":334,"passed_time":0.922977949,"remaining_time":1.832180108},
{"learn":[1731.956369],"iteration":335,"passed_time":0.9251240345,"remaining_time":1.828221306},
{"learn":[1730.645872],"iteration":336,"passed_time":0.9271662394,"remaining_time":1.824068892},
{"learn":[1729.574253],"iteration":337,"passed_time":0.9292182584,"remaining_time":1.819948187},
{"learn":[1728.114753],"iteration":338,"passed_time":0.9312613206,"remaining_time":1.815822221},
{"learn":[1726.842701],"iteration":339,"passed_time":0.9348176663,"remaining_time":1.814646058},
{"learn":[1725.52893],"iteration":340,"passed_time":0.9382067647,"remaining_time":1.813132721},
{"learn":[1725.513181],"iteration":341,"passed_time":0.9406505465,"remaining_time":1.809789648},
{"learn":[1724.56845],"iteration":342,"passed_time":0.9428984705,"remaining_time":1.806076662},
{"learn":[1723.435727],"iteration":343,"passed_time":0.9453349655,"remaining_time":1.802731795},
{"learn":[1722.449846],"iteration":344,"passed_time":0.9474973707,"remaining_time":1.79887182},
{"learn":[1721.372686],"iteration":345,"passed_time":0.9498974639,"remaining_time":1.795470929},
{"learn":[1720.836874],"iteration":346,"passed_time":0.9522577321,"remaining_time":1.792000862},
{"learn":[1719.714651],"iteration":347,"passed_time":0.9545531032,"remaining_time":1.788415584},
{"learn":[1719.701376],"iteration":348,"passed_time":0.9565060895,"remaining_time":1.784199038},
{"learn":[1717.913941],"iteration":349,"passed_time":0.9588021417,"remaining_time":1.780632549},
{"learn":[1716.631933],"iteration":350,"passed_time":0.9613426054,"remaining_time":1.777525216},
{"learn":[1715.36561],"iteration":351,"passed_time":0.9638876197,"remaining_time":1.774429482},
{"learn":[1714.161912],"iteration":352,"passed_time":0.966591769,"remaining_time":1.77162854},
{"learn":[1713.103588],"iteration":353,"passed_time":0.9689615797,"remaining_time":1.768218024},
{"learn":[1712.406153],"iteration":354,"passed_time":0.9712257289,"remaining_time":1.764621395},
{"learn":[1710.171007],"iteration":355,"passed_time":0.973595686,"remaining_time":1.761223657},
{"learn":[1709.06746],"iteration":356,"passed_time":0.976086169,"remaining_time":1.758048758},
{"learn":[1707.701628],"iteration":357,"passed_time":0.9783168864,"remaining_time":1.754411847},
{"learn":[1707.002511],"iteration":358,"passed_time":0.9804826062,"remaining_time":1.750666715},
{"learn":[1706.16284],"iteration":359,"passed_time":0.9831025584,"remaining_time":1.747737882},
{"learn":[1706.147178],"iteration":360,"passed_time":0.9851280922,"remaining_time":1.74375859},
{"learn":[1705.117719],"iteration":361,"passed_time":0.9878567434,"remaining_time":1.741029288},
{"learn":[1705.096742],"iteration":362,"passed_time":0.9903797216,"remaining_time":1.737939071},
{"learn":[1704.443278],"iteration":363,"passed_time":0.9928681259,"remaining_time":1.734791561},
{"learn":[1704.430733],"iteration":364,"passed_time":0.9948259128,"remaining_time":1.730724533},
{"learn":[1703.930663],"iteration":365,"passed_time":0.997316785,"remaining_time":1.727592464},
{"learn":[1703.492173],"iteration":366,"passed_time":0.9996741726,"remaining_time":1.724233655},
{"learn":[1702.677497],"iteration":367,"passed_time":1.001924774,"remaining_time":1.720696895},
{"learn":[1701.752248],"iteration":368,"passed_time":1.004436854,"remaining_time":1.717614241},
{"learn":[1700.782337],"iteration":369,"passed_time":1.007303401,"remaining_time":1.715138223},
{"learn":[1700.767627],"iteration":370,"passed_time":1.010419464,"remaining_time":1.713083135},
{"learn":[1700.753436],"iteration":371,"passed_time":1.012530582,"remaining_time":1.709325821},
{"learn":[1699.875975],"iteration":372,"passed_time":1.014691258,"remaining_time":1.70566064},
{"learn":[1699.191079],"iteration":373,"passed_time":1.017028708,"remaining_time":1.702299388},
{"learn":[1698.25201],"iteration":374,"passed_time":1.01977779,"remaining_time":1.69962965},
{"learn":[1698.216009],"iteration":375,"passed_time":1.022839871,"remaining_time":1.697478935},
{"learn":[1697.394471],"iteration":376,"passed_time":1.0254929,"remaining_time":1.694647418},
{"learn":[1696.223077],"iteration":377,"passed_time":1.028235574,"remaining_time":1.691964357},
{"learn":[1695.107403],"iteration":378,"passed_time":1.030429124,"remaining_time":1.688381229},
{"learn":[1693.821041],"iteration":379,"passed_time":1.033276217,"remaining_time":1.685871723},
{"learn":[1692.805074],"iteration":380,"passed_time":1.035603963,"remaining_time":1.682516674},
{"learn":[1692.256536],"iteration":381,"passed_time":1.038052685,"remaining_time":1.679362721},
{"learn":[1690.729384],"iteration":382,"passed_time":1.040224545,"remaining_time":1.675766434},
{"learn":[1689.447705],"iteration":383,"passed_time":1.042646929,"remaining_time":1.672579449},
{"learn":[1689.434548],"iteration":384,"passed_time":1.044663741,"remaining_time":1.668748574},
{"learn":[1688.304719],"iteration":385,"passed_time":1.047185885,"remaining_time":1.665730916},
{"learn":[1687.364754],"iteration":386,"passed_time":1.050072955,"remaining_time":1.663293854},
{"learn":[1686.85077],"iteration":387,"passed_time":1.053075074,"remaining_time":1.661035942},
{"learn":[1685.81287],"iteration":388,"passed_time":1.056285128,"remaining_time":1.659100805},
{"learn":[1684.876719],"iteration":389,"passed_time":1.059497165,"remaining_time":1.657162232},
{"learn":[1683.468902],"iteration":390,"passed_time":1.062321246,"remaining_time":1.654612886},
{"learn":[1682.58542],"iteration":391,"passed_time":1.06474319,"remaining_time":1.651438417},
{"learn":[1681.759175],"iteration":392,"passed_time":1.067377382,"remaining_time":1.6485956},
{"learn":[1680.941496],"iteration":393,"passed_time":1.069724008,"remaining_time":1.645311546},
{"learn":[1680.238854],"iteration":394,"passed_time":1.072321004,"remaining_time":1.642415715},
{"learn":[1678.909757],"iteration":395,"passed_time":1.07472801,"remaining_time":1.639231611},
{"learn":[1678.390082],"iteration":396,"passed_time":1.077084062,"remaining_time":1.635974029},
{"learn":[1677.749667],"iteration":397,"passed_time":1.080071254,"remaining_time":1.633675616},
{"learn":[1676.279242],"iteration":398,"passed_time":1.083574772,"remaining_time":1.632151474},
{"learn":[1675.119321],"iteration":399,"passed_time":1.08676751,"remaining_time":1.630151264},
{"learn":[1674.496894],"iteration":400,"passed_time":1.089493936,"remaining_time":1.627448549},
{"learn":[1673.329631],"iteration":401,"passed_time":1.092016368,"remaining_time":1.624442259},
{"learn":[1672.042539],"iteration":402,"passed_time":1.094744536,"remaining_time":1.621743147},
{"learn":[1671.287702],"iteration":403,"passed_time":1.097026044,"remaining_time":1.618384955},
{"learn":[1670.398452],"iteration":404,"passed_time":1.099161203,"remaining_time":1.614817076},
{"learn":[1669.813535],"iteration":405,"passed_time":1.101406857,"remaining_time":1.611417913},
{"learn":[1669.071078],"iteration":406,"passed_time":1.103670788,"remaining_time":1.60805105},
{"learn":[1668.353179],"iteration":407,"passed_time":1.106316337,"remaining_time":1.605243312},
{"learn":[1667.586198],"iteration":408,"passed_time":1.108709309,"remaining_time":1.602071397},
{"learn":[1666.719474],"iteration":409,"passed_time":1.11103506,"remaining_time":1.598806549},
{"learn":[1666.706732],"iteration":410,"passed_time":1.112985968,"remaining_time":1.595009088},
{"learn":[1665.559295],"iteration":411,"passed_time":1.115362537,"remaining_time":1.591828086},
{"learn":[1665.106265],"iteration":412,"passed_time":1.117578588,"remaining_time":1.588422835},
{"learn":[1663.925133],"iteration":413,"passed_time":1.120360613,"remaining_time":1.585824443},
{"learn":[1663.912931],"iteration":414,"passed_time":1.123153226,"remaining_time":1.58324009},
{"learn":[1663.902021],"iteration":415,"passed_time":1.125776819,"remaining_time":1.580417457},
{"learn":[1663.113764],"iteration":416,"passed_time":1.128158119,"remaining_time":1.577257035},
{"learn":[1662.366398],"iteration":417,"passed_time":1.131051842,"remaining_time":1.574813809},
{"learn":[1661.125734],"iteration":418,"passed_time":1.133393056,"remaining_time":1.571602305},
{"learn":[1659.684746],"iteration":419,"passed_time":1.13613733,"remaining_time":1.568951551},
{"learn":[1659.673307],"iteration":420,"passed_time":1.138242413,"remaining_time":1.565421276},
{"learn":[1658.609549],"iteration":421,"passed_time":1.140500453,"remaining_time":1.562107255},
{"learn":[1658.148658],"iteration":422,"passed_time":1.142807641,"remaining_time":1.55886527},
{"learn":[1657.541337],"iteration":423,"passed_time":1.145284821,"remaining_time":1.555858625},
{"learn":[1656.811775],"iteration":424,"passed_time":1.147712684,"remaining_time":1.552787748},
{"learn":[1655.952799],"iteration":425,"passed_time":1.150273723,"remaining_time":1.549899335},
{"learn":[1655.893675],"iteration":426,"passed_time":1.153037978,"remaining_time":1.547285155},
{"learn":[1655.875808],"iteration":427,"passed_time":1.155287771,"remaining_time":1.543982722},
{"learn":[1655.391461],"iteration":428,"passed_time":1.157859971,"remaining_time":1.54111432},
{"learn":[1654.837625],"iteration":429,"passed_time":1.160171044,"remaining_time":1.537901151},
{"learn":[1653.611315],"iteration":430,"passed_time":1.162551199,"remaining_time":1.534783369},
{"learn":[1653.603385],"iteration":431,"passed_time":1.164573088,"remaining_time":1.53119795},
{"learn":[1652.764056],"iteration":432,"passed_time":1.166775903,"remaining_time":1.527856668},
{"learn":[1652.014841],"iteration":433,"passed_time":1.169116812,"remaining_time":1.524700727},
{"learn":[1651.242422],"iteration":434,"passed_time":1.17171769,"remaining_time":1.521886196},
{"learn":[1649.073482],"iteration":435,"passed_time":1.17406248,"remaining_time":1.518741373},
{"learn":[1647.970619],"iteration":436,"passed_time":1.17656346,"remaining_time":1.515801438},
{"learn":[1647.234157],"iteration":437,"passed_time":1.178905078,"remaining_time":1.512659027},
{"learn":[1646.187783],"iteration":438,"passed_time":1.181169335,"remaining_time":1.509421406},
{"learn":[1645.60658],"iteration":439,"passed_time":1.183332814,"remaining_time":1.506059945},
{"learn":[1645.596504],"iteration":440,"passed_time":1.185432407,"remaining_time":1.502622937},
{"learn":[1644.913928],"iteration":441,"passed_time":1.187875974,"remaining_time":1.499626229},
{"learn":[1644.355619],"iteration":442,"passed_time":1.190596528,"remaining_time":1.496980285},
{"learn":[1642.856637],"iteration":443,"passed_time":1.19354983,"remaining_time":1.494625463},
{"learn":[1641.897723],"iteration":444,"passed_time":1.196484048,"remaining_time":1.49224415},
{"learn":[1640.829338],"iteration":445,"passed_time":1.199090788,"remaining_time":1.489453579},
{"learn":[1640.028411],"iteration":446,"passed_time":1.201759347,"remaining_time":1.48674031},
{"learn":[1639.313216],"iteration":447,"passed_time":1.204476079,"remaining_time":1.484086597},
{"learn":[1638.492284],"iteration":448,"passed_time":1.207355549,"remaining_time":1.481632311},
{"learn":[1637.433796],"iteration":449,"passed_time":1.209925366,"remaining_time":1.47879767},
{"learn":[1636.701445],"iteration":450,"passed_time":1.212258861,"remaining_time":1.475676529},
{"learn":[1636.651183],"iteration":451,"passed_time":1.214363532,"remaining_time":1.47228145},
{"learn":[1635.623391],"iteration":452,"passed_time":1.216667169,"remaining_time":1.469132321},
{"learn":[1634.871192],"iteration":453,"passed_time":1.219234221,"remaining_time":1.466303711},
{"learn":[1634.386132],"iteration":454,"passed_time":1.222196681,"remaining_time":1.46394987},
{"learn":[1633.815992],"iteration":455,"passed_time":1.225436645,"remaining_time":1.461924419},
{"learn":[1632.951511],"iteration":456,"passed_time":1.228254602,"remaining_time":1.459392229},
{"learn":[1632.433119],"iteration":457,"passed_time":1.230792587,"remaining_time":1.456527472},
{"learn":[1631.534936],"iteration":458,"passed_time":1.233130742,"remaining_time":1.453428609},
{"learn":[1631.509468],"iteration":459,"passed_time":1.235134703,"remaining_time":1.449940738},
{"learn":[1630.400322],"iteration":460,"passed_time":1.237953717,"remaining_time":1.447412264},
{"learn":[1630.331746],"iteration":461,"passed_time":1.240990631,"remaining_time":1.445136276},
{"learn":[1629.747603],"iteration":462,"passed_time":1.243955218,"remaining_time":1.442773114},
{"learn":[1629.73773],"iteration":463,"passed_time":1.24594131,"remaining_time":1.43927703},
{"learn":[1628.946957],"iteration":464,"passed_time":1.248249853,"remaining_time":1.436158433},
{"learn":[1628.330534],"iteration":465,"passed_time":1.251286497,"remaining_time":1.43387766},
{"learn":[1627.96224],"iteration":466,"passed_time":1.254102747,"remaining_time":1.431342108},
{"learn":[1627.458409],"iteration":467,"passed_time":1.256467144,"remaining_time":1.42829171},
{"learn":[1626.720175],"iteration":468,"passed_time":1.259056279,"remaining_time":1.425498687},
{"learn":[1625.829162],"iteration":469,"passed_time":1.261683211,"remaining_time":1.422749152},
{"learn":[1625.314309],"iteration":470,"passed_time":1.26369996,"remaining_time":1.419314817},
{"learn":[1625.306488],"iteration":471,"passed_time":1.26582042,"remaining_time":1.416002504},
{"learn":[1624.360475],"iteration":472,"passed_time":1.269377355,"remaining_time":1.4142957},
{"learn":[1623.766856],"iteration":473,"passed_time":1.271523254,"remaining_time":1.411015257},
{"learn":[1623.13582],"iteration":474,"passed_time":1.27385866,"remaining_time":1.407949045},
{"learn":[1622.603645],"iteration":475,"passed_time":1.276437514,"remaining_time":1.405153902},
{"learn":[1621.997767],"iteration":476,"passed_time":1.278834446,"remaining_time":1.4021602},
{"learn":[1620.968835],"iteration":477,"passed_time":1.28140851,"remaining_time":1.399362431},
{"learn":[1620.369977],"iteration":478,"passed_time":1.284142784,"remaining_time":1.396739855},
{"learn":[1618.440276],"iteration":479,"passed_time":1.286222383,"remaining_time":1.393407581},
{"learn":[1617.691444],"iteration":480,"passed_time":1.288676874,"remaining_time":1.390485026},
{"learn":[1617.080496],"iteration":481,"passed_time":1.29081963,"remaining_time":1.387229395},
{"learn":[1616.061149],"iteration":482,"passed_time":1.293325078,"remaining_time":1.384366595},
{"learn":[1615.4226],"iteration":483,"passed_time":1.295679523,"remaining_time":1.381344285},
{"learn":[1614.516966],"iteration":484,"passed_time":1.297827863,"remaining_time":1.378105875},
{"learn":[1614.510941],"iteration":485,"passed_time":1.299291733,"remaining_time":1.374148047},
{"learn":[1614.010712],"iteration":486,"passed_time":1.301584074,"remaining_time":1.371073163},
{"learn":[1613.312565],"iteration":487,"passed_time":1.303714972,"remaining_time":1.367832101},
{"learn":[1612.589035],"iteration":488,"passed_time":1.306601337,"remaining_time":1.365385038},
{"learn":[1612.582187],"iteration":489,"passed_time":1.308932645,"remaining_time":1.362358467},
{"learn":[1611.707572],"iteration":490,"passed_time":1.31253958,"remaining_time":1.36065712},
{"learn":[1611.699536],"iteration":491,"passed_time":1.314515435,"remaining_time":1.357263905},
{"learn":[1610.923268],"iteration":492,"passed_time":1.316921306,"remaining_time":1.354318666},
{"learn":[1610.133753],"iteration":493,"passed_time":1.319011476,"remaining_time":1.351052241},
{"learn":[1609.417533],"iteration":494,"passed_time":1.321114432,"remaining_time":1.347803612},
{"learn":[1608.938368],"iteration":495,"passed_time":1.323319256,"remaining_time":1.344663115},
{"learn":[1608.295372],"iteration":496,"passed_time":1.325412727,"remaining_time":1.341413686},
{"learn":[1607.785844],"iteration":497,"passed_time":1.327488682,"remaining_time":1.338151242},
{"learn":[1607.780715],"iteration":498,"passed_time":1.329099456,"remaining_time":1.334426508},
{"learn":[1607.268625],"iteration":499,"passed_time":1.331387618,"remaining_time":1.331387618},
{"learn":[1606.889292],"iteration":500,"passed_time":1.333584592,"remaining_time":1.328260901},
{"learn":[1606.8843],"iteration":501,"passed_time":1.335294861,"remaining_time":1.324655061},
{"learn":[1606.551472],"iteration":502,"passed_time":1.337984982,"remaining_time":1.322024923},
{"learn":[1605.790488],"iteration":503,"passed_time":1.340564751,"remaining_time":1.319285945},
{"learn":[1605.783054],"iteration":504,"passed_time":1.342715537,"remaining_time":1.316127111},
{"learn":[1604.344063],"iteration":505,"passed_time":1.345382089,"remaining_time":1.313475795},
{"learn":[1603.672454],"iteration":506,"passed_time":1.347903201,"remaining_time":1.310682995},
{"learn":[1603.178962],"iteration":507,"passed_time":1.350459771,"remaining_time":1.307925605},
{"learn":[1602.531786],"iteration":508,"passed_time":1.353518517,"remaining_time":1.305653422},
{"learn":[1601.636065],"iteration":509,"passed_time":1.356546792,"remaining_time":1.303348878},
{"learn":[1601.116858],"iteration":510,"passed_time":1.359234299,"remaining_time":1.300715406},
{"learn":[1600.140999],"iteration":511,"passed_time":1.361748066,"remaining_time":1.297916126},
{"learn":[1598.807677],"iteration":512,"passed_time":1.36402177,"remaining_time":1.294890063},
{"learn":[1598.149118],"iteration":513,"passed_time":1.366468297,"remaining_time":1.292030335},
{"learn":[1597.862622],"iteration":514,"passed_time":1.368697551,"remaining_time":1.288967597},
{"learn":[1597.614383],"iteration":515,"passed_time":1.371194614,"remaining_time":1.286159289},
{"learn":[1596.466223],"iteration":516,"passed_time":1.373865382,"remaining_time":1.283514468},
{"learn":[1595.740014],"iteration":517,"passed_time":1.37711586,"remaining_time":1.281408966},
{"learn":[1595.008546],"iteration":518,"passed_time":1.380233411,"remaining_time":1.279175858},
{"learn":[1594.249715],"iteration":519,"passed_time":1.383109958,"remaining_time":1.276716885},
{"learn":[1594.23952],"iteration":520,"passed_time":1.385071749,"remaining_time":1.273415294},
{"learn":[1594.234202],"iteration":521,"passed_time":1.386987489,"remaining_time":1.270076666},
{"learn":[1593.734369],"iteration":522,"passed_time":1.389360355,"remaining_time":1.2671604},
{"learn":[1593.299014],"iteration":523,"passed_time":1.391558988,"remaining_time":1.264087936},
{"learn":[1593.29378],"iteration":524,"passed_time":1.39379401,"remaining_time":1.261051723},
{"learn":[1592.480528],"iteration":525,"passed_time":1.396245801,"remaining_time":1.258213897},
{"learn":[1591.331876],"iteration":526,"passed_time":1.398583242,"remaining_time":1.255274902},
{"learn":[1590.72437],"iteration":527,"passed_time":1.401182608,"remaining_time":1.252572332},
{"learn":[1590.677455],"iteration":528,"passed_time":1.403762026,"remaining_time":1.24985239},
{"learn":[1590.278836],"iteration":529,"passed_time":1.406700553,"remaining_time":1.247451433},
{"learn":[1589.425923],"iteration":530,"passed_time":1.409448121,"remaining_time":1.244879791},
{"learn":[1588.754158],"iteration":531,"passed_time":1.411941909,"remaining_time":1.242084236},
{"learn":[1588.745141],"iteration":532,"passed_time":1.41422815,"remaining_time":1.239107966},
{"learn":[1588.126408],"iteration":533,"passed_time":1.417176669,"remaining_time":1.236712225},
{"learn":[1587.438766],"iteration":534,"passed_time":1.419751633,"remaining_time":1.233989737},
{"learn":[1586.781992],"iteration":535,"passed_time":1.422670656,"remaining_time":1.231565643},
{"learn":[1585.905459],"iteration":536,"passed_time":1.425960911,"remaining_time":1.22945978},
{"learn":[1585.196347],"iteration":537,"passed_time":1.4286126,"remaining_time":1.226801155},
{"learn":[1584.43927],"iteration":538,"passed_time":1.431023737,"remaining_time":1.223936814},
{"learn":[1583.765977],"iteration":539,"passed_time":1.433289799,"remaining_time":1.220950569},
{"learn":[1583.01039],"iteration":540,"passed_time":1.435718837,"remaining_time":1.218105261},
{"learn":[1583.003917],"iteration":541,"passed_time":1.438119555,"remaining_time":1.215237558},
{"learn":[1582.702275],"iteration":542,"passed_time":1.440663341,"remaining_time":1.212491983},
{"learn":[1582.054454],"iteration":543,"passed_time":1.442920428,"remaining_time":1.20950683},
{"learn":[1581.759482],"iteration":544,"passed_time":1.445377173,"remaining_time":1.206691035},
{"learn":[1581.373696],"iteration":545,"passed_time":1.447622795,"remaining_time":1.203701005},
{"learn":[1580.759585],"iteration":546,"passed_time":1.450090673,"remaining_time":1.200897761},
{"learn":[1580.274008],"iteration":547,"passed_time":1.453169611,"remaining_time":1.198599752},
{"learn":[1578.819376],"iteration":548,"passed_time":1.4560861,"remaining_time":1.196165448},
{"learn":[1578.600563],"iteration":549,"passed_time":1.458357382,"remaining_time":1.193201494},
{"learn":[1578.545355],"iteration":550,"passed_time":1.460485484,"remaining_time":1.19012338},
{"learn":[1578.10509],"iteration":551,"passed_time":1.462811849,"remaining_time":1.187209616},
{"learn":[1577.790473],"iteration":552,"passed_time":1.46511598,"remaining_time":1.184280005},
{"learn":[1577.061916],"iteration":553,"passed_time":1.467919301,"remaining_time":1.181754528},
{"learn":[1576.357656],"iteration":554,"passed_time":1.470437496,"remaining_time":1.178999434},
{"learn":[1575.672407],"iteration":555,"passed_time":1.472789914,"remaining_time":1.176112809},
{"learn":[1575.211009],"iteration":556,"passed_time":1.475253075,"remaining_time":1.17331618},
{"learn":[1574.565315],"iteration":557,"passed_time":1.477355943,"remaining_time":1.170235353},
{"learn":[1573.1758],"iteration":558,"passed_time":1.479678948,"remaining_time":1.167331692},
{"learn":[1572.662512],"iteration":559,"passed_time":1.481924603,"remaining_time":1.164369331},
{"learn":[1571.875751],"iteration":560,"passed_time":1.484237622,"remaining_time":1.161462239},
{"learn":[1571.251972],"iteration":561,"passed_time":1.486353921,"remaining_time":1.158403946},
{"learn":[1570.679665],"iteration":562,"passed_time":1.488555899,"remaining_time":1.155415502},
{"learn":[1570.103361],"iteration":563,"passed_time":1.49116704,"remaining_time":1.152746152},
{"learn":[1568.916019],"iteration":564,"passed_time":1.493597727,"remaining_time":1.149938073},
{"learn":[1568.516475],"iteration":565,"passed_time":1.496634548,"remaining_time":1.147596102},
{"learn":[1567.906038],"iteration":566,"passed_time":1.499243972,"remaining_time":1.144925291},
{"learn":[1567.438766],"iteration":567,"passed_time":1.502149368,"remaining_time":1.142479801},
{"learn":[1567.088224],"iteration":568,"passed_time":1.504294807,"remaining_time":1.139457051},
{"learn":[1566.384295],"iteration":569,"passed_time":1.506693792,"remaining_time":1.13662865},
{"learn":[1565.495324],"iteration":570,"passed_time":1.508962688,"remaining_time":1.133704016},
{"learn":[1564.393451],"iteration":571,"passed_time":1.511207443,"remaining_time":1.130763611},
{"learn":[1563.574809],"iteration":572,"passed_time":1.51360894,"remaining_time":1.127942439},
{"learn":[1562.618622],"iteration":573,"passed_time":1.515922495,"remaining_time":1.125057461},
{"learn":[1562.351317],"iteration":574,"passed_time":1.518289089,"remaining_time":1.122213674},
{"learn":[1561.552855],"iteration":575,"passed_time":1.520773546,"remaining_time":1.119458304},
{"learn":[1560.761409],"iteration":576,"passed_time":1.52320124,"remaining_time":1.116662261},
{"learn":[1560.060117],"iteration":577,"passed_time":1.525530654,"remaining_time":1.113795737},
{"learn":[1559.225082],"iteration":578,"passed_time":1.52802985,"remaining_time":1.11105452},
{"learn":[1558.371224],"iteration":579,"passed_time":1.530383679,"remaining_time":1.108208871},
{"learn":[1558.367024],"iteration":580,"passed_time":1.532337606,"remaining_time":1.105076518},
{"learn":[1557.763046],"iteration":581,"passed_time":1.534733279,"remaining_time":1.102265482},
{"learn":[1557.141134],"iteration":582,"passed_time":1.537102623,"remaining_time":1.099437039},
{"learn":[1556.506936],"iteration":583,"passed_time":1.539600171,"remaining_time":1.096701491},
{"learn":[1556.085229],"iteration":584,"passed_time":1.541957664,"remaining_time":1.093867402},
{"learn":[1555.938403],"iteration":585,"passed_time":1.544168573,"remaining_time":1.090931381},
{"learn":[1555.424431],"iteration":586,"passed_time":1.546563869,"remaining_time":1.08812756},
{"learn":[1554.953689],"iteration":587,"passed_time":1.548886668,"remaining_time":1.085274332},
{"learn":[1554.550644],"iteration":588,"passed_time":1.551099299,"remaining_time":1.082346031},
{"learn":[1553.7436],"iteration":589,"passed_time":1.553408825,"remaining_time":1.079487488},
{"learn":[1553.155513],"iteration":590,"passed_time":1.555775237,"remaining_time":1.076670172},
{"learn":[1552.744904],"iteration":591,"passed_time":1.558331812,"remaining_time":1.073985438},
{"learn":[1552.547457],"iteration":592,"passed_time":1.561123142,"remaining_time":1.071462257},
{"learn":[1551.946508],"iteration":593,"passed_time":1.56386846,"remaining_time":1.068906725},
{"learn":[1551.941304],"iteration":594,"passed_time":1.566381064,"remaining_time":1.066192153},
{"learn":[1551.296598],"iteration":595,"passed_time":1.568603971,"remaining_time":1.063281887},
{"learn":[1550.740395],"iteration":596,"passed_time":1.571327616,"remaining_time":1.060711942},
{"learn":[1550.102746],"iteration":597,"passed_time":1.574562545,"remaining_time":1.058485189},
{"learn":[1550.097446],"iteration":598,"passed_time":1.57745885,"remaining_time":1.056028379},
{"learn":[1549.420065],"iteration":599,"passed_time":1.579822337,"remaining_time":1.053214891},
{"learn":[1548.930216],"iteration":600,"passed_time":1.582290946,"remaining_time":1.050472691},
{"learn":[1548.510604],"iteration":601,"passed_time":1.584771324,"remaining_time":1.047739181},
{"learn":[1548.265999],"iteration":602,"passed_time":1.587325932,"remaining_time":1.045055382},
{"learn":[1547.975336],"iteration":603,"passed_time":1.590136737,"remaining_time":1.04253998},
{"learn":[1547.066843],"iteration":604,"passed_time":1.593034948,"remaining_time":1.040080669},
{"learn":[1546.73319],"iteration":605,"passed_time":1.59578882,"remaining_time":1.037526064},
{"learn":[1546.236432],"iteration":606,"passed_time":1.598218173,"remaining_time":1.034760695},
{"learn":[1544.945863],"iteration":607,"passed_time":1.601094881,"remaining_time":1.032284858},
{"learn":[1544.155385],"iteration":608,"passed_time":1.604132287,"remaining_time":1.029910878},
{"learn":[1543.522719],"iteration":609,"passed_time":1.606346822,"remaining_time":1.027008624},
{"learn":[1543.157497],"iteration":610,"passed_time":1.608700705,"remaining_time":1.02419734},
{"learn":[1542.404383],"iteration":611,"passed_time":1.61130555,"remaining_time":1.021546656},
{"learn":[1542.40103],"iteration":612,"passed_time":1.612997371,"remaining_time":1.01831971},
{"learn":[1542.025466],"iteration":613,"passed_time":1.615486431,"remaining_time":1.015598961},
{"learn":[1542.014269],"iteration":614,"passed_time":1.617557223,"remaining_time":1.012617123},
{"learn":[1541.275475],"iteration":615,"passed_time":1.61995277,"remaining_time":1.009840688},
{"learn":[1540.722892],"iteration":616,"passed_time":1.622700425,"remaining_time":1.007284056},
{"learn":[1540.052153],"iteration":617,"passed_time":1.626229269,"remaining_time":1.005209678},
{"learn":[1539.215292],"iteration":618,"passed_time":1.628600043,"remaining_time":1.002417797},
{"learn":[1538.73701],"iteration":619,"passed_time":1.631152736,"remaining_time":0.9997387739},
{"learn":[1537.778891],"iteration":620,"passed_time":1.633621854,"remaining_time":0.9970091511},
{"learn":[1537.224621],"iteration":621,"passed_time":1.635840868,"remaining_time":0.9941283732},
{"learn":[1536.714334],"iteration":622,"passed_time":1.638232497,"remaining_time":0.9913541755},
{"learn":[1536.709427],"iteration":623,"passed_time":1.640534515,"remaining_time":0.9885272075},
{"learn":[1536.386915],"iteration":624,"passed_time":1.64355168,"remaining_time":0.9861310082},
{"learn":[1536.357404],"iteration":625,"passed_time":1.645714704,"remaining_time":0.9832225227},
{"learn":[1535.821512],"iteration":626,"passed_time":1.647983151,"remaining_time":0.9803791311},
{"learn":[1535.241112],"iteration":627,"passed_time":1.650175308,"remaining_time":0.9774923802},
{"learn":[1535.23801],"iteration":628,"passed_time":1.651742107,"remaining_time":0.974238985},
{"learn":[1534.606046],"iteration":629,"passed_time":1.654367611,"remaining_time":0.9716127237},
{"learn":[1534.19985],"iteration":630,"passed_time":1.657949182,"remaining_time":0.9695455599},
{"learn":[1533.689823],"iteration":631,"passed_time":1.660449085,"remaining_time":0.9668437711},
{"learn":[1533.062632],"iteration":632,"passed_time":1.662698907,"remaining_time":0.9639976285},
{"learn":[1532.528471],"iteration":633,"passed_time":1.664960372,"remaining_time":0.9611600886},
{"learn":[1531.99678],"iteration":634,"passed_time":1.667423462,"remaining_time":0.9584402578},
{"learn":[1531.711283],"iteration":635,"passed_time":1.669591312,"remaining_time":0.9555522604},
{"learn":[1531.390155],"iteration":636,"passed_time":1.672004488,"remaining_time":0.9528063253},
{"learn":[1530.741379],"iteration":637,"passed_time":1.674114384,"remaining_time":0.9498893526},
{"learn":[1530.131766],"iteration":638,"passed_time":1.676466614,"remaining_time":0.9471118115},
{"learn":[1529.667406],"iteration":639,"passed_time":1.678557561,"remaining_time":0.944188628},
{"learn":[1529.579709],"iteration":640,"passed_time":1.680554017,"remaining_time":0.9412151205},
{"learn":[1529.312526],"iteration":641,"passed_time":1.684373955,"remaining_time":0.9392614888},
{"learn":[1528.429035],"iteration":642,"passed_time":1.68711565,"remaining_time":0.9367034016},
{"learn":[1527.76655],"iteration":643,"passed_time":1.690179534,"remaining_time":0.934322848},
{"learn":[1527.408921],"iteration":644,"passed_time":1.692667062,"remaining_time":0.9316229567},
{"learn":[1526.749937],"iteration":645,"passed_time":1.695440631,"remaining_time":0.9290804697},
{"learn":[1526.346765],"iteration":646,"passed_time":1.697852784,"remaining_time":0.9263400817},
{"learn":[1526.32675],"iteration":647,"passed_time":1.699868903,"remaining_time":0.923385577},
{"learn":[1525.913168],"iteration":648,"passed_time":1.702116157,"remaining_time":0.9205589691},
{"learn":[1525.662012],"iteration":649,"passed_time":1.704265216,"remaining_time":0.9176812702},
{"learn":[1525.65908],"iteration":650,"passed_time":1.705694726,"remaining_time":0.9144200605},
{"learn":[1524.851304],"iteration":651,"passed_time":1.708165576,"remaining_time":0.9117202767},
{"learn":[1524.533434],"iteration":652,"passed_time":1.710926794,"remaining_time":0.9091754937},
{"learn":[1524.530191],"iteration":653,"passed_time":1.714323831,"remaining_time":0.9069664307},
{"learn":[1524.527154],"iteration":654,"passed_time":1.718035472,"remaining_time":0.9049194473},
{"learn":[1523.920305],"iteration":655,"passed_time":1.721065167,"remaining_time":0.902509783},
{"learn":[1522.938688],"iteration":656,"passed_time":1.724629374,"remaining_time":0.9003772838},
{"learn":[1522.575342],"iteration":657,"passed_time":1.72713252,"remaining_time":0.8976889388},
{"learn":[1522.289443],"iteration":658,"passed_time":1.729287857,"remaining_time":0.8948211823},
{"learn":[1521.927519],"iteration":659,"passed_time":1.731490596,"remaining_time":0.8919800041},
{"learn":[1521.495587],"iteration":660,"passed_time":1.733846432,"remaining_time":0.8892192744},
{"learn":[1520.7148],"iteration":661,"passed_time":1.735950658,"remaining_time":0.8863313026},
{"learn":[1519.999846],"iteration":662,"passed_time":1.738493018,"remaining_time":0.8836683966},
{"learn":[1519.708835],"iteration":663,"passed_time":1.740983574,"remaining_time":0.8809796399},
{"learn":[1519.072913],"iteration":664,"passed_time":1.743838856,"remaining_time":0.8784752131},
{"learn":[1518.724545],"iteration":665,"passed_time":1.746927257,"remaining_time":0.8760866426},
{"learn":[1518.302821],"iteration":666,"passed_time":1.749891919,"remaining_time":0.8736341966},
{"learn":[1517.896375],"iteration":667,"passed_time":1.752551572,"remaining_time":0.8710286258},
{"learn":[1517.288517],"iteration":668,"passed_time":1.755316989,"remaining_time":0.8684752217},
{"learn":[1516.904685],"iteration":669,"passed_time":1.757625803,"remaining_time":0.8656962909},
{"learn":[1516.502223],"iteration":670,"passed_time":1.760114922,"remaining_time":0.8630071674},
{"learn":[1515.962515],"iteration":671,"passed_time":1.763866286,"remaining_time":0.8609347347},
{"learn":[1515.353685],"iteration":672,"passed_time":1.766670184,"remaining_time":0.858396954},
{"learn":[1515.096671],"iteration":673,"passed_time":1.769690755,"remaining_time":0.855963184},
{"learn":[1514.980615],"iteration":674,"passed_time":1.771943668,"remaining_time":0.8531580625},
{"learn":[1514.488447],"iteration":675,"passed_time":1.774527175,"remaining_time":0.8505130246},
{"learn":[1514.133001],"iteration":676,"passed_time":1.777525914,"remaining_time":0.8480662782},
{"learn":[1513.863053],"iteration":677,"passed_time":1.780527959,"remaining_time":0.8456194729},
{"learn":[1513.239794],"iteration":678,"passed_time":1.783453851,"remaining_time":0.8431350312},
{"learn":[1512.961169],"iteration":679,"passed_time":1.786654624,"remaining_time":0.8407786466},
{"learn":[1512.958296],"iteration":680,"passed_time":1.788465703,"remaining_time":0.8377688093},
{"learn":[1512.953774],"iteration":681,"passed_time":1.790460384,"remaining_time":0.8348480969},
{"learn":[1512.609827],"iteration":682,"passed_time":1.793098627,"remaining_time":0.8322287918},
{"learn":[1512.3345],"iteration":683,"passed_time":1.795736103,"remaining_time":0.8296090767},
{"learn":[1511.407211],"iteration":684,"passed_time":1.798123952,"remaining_time":0.826874518},
{"learn":[1510.825373],"iteration":685,"passed_time":1.800775682,"remaining_time":0.8242617554},
{"learn":[1510.011024],"iteration":686,"passed_time":1.80329313,"remaining_time":0.8215876996},
{"learn":[1509.539221],"iteration":687,"passed_time":1.805837175,"remaining_time":0.8189261608},
{"learn":[1508.988945],"iteration":688,"passed_time":1.809246559,"remaining_time":0.8166555587},
{"learn":[1508.573],"iteration":689,"passed_time":1.811965496,"remaining_time":0.8140714545},
{"learn":[1508.208359],"iteration":690,"passed_time":1.814714317,"remaining_time":0.8115003243},
{"learn":[1508.203938],"iteration":691,"passed_time":1.816698127,"remaining_time":0.8085881839},
{"learn":[1507.694026],"iteration":692,"passed_time":1.819067803,"remaining_time":0.8058496616},
{"learn":[1507.689671],"iteration":693,"passed_time":1.821377029,"remaining_time":0.8030855487},
{"learn":[1507.266468],"iteration":694,"passed_time":1.823955555,"remaining_time":0.800440927},
{"learn":[1506.733735],"iteration":695,"passed_time":1.827028006,"remaining_time":0.7980122326},
{"learn":[1506.004977],"iteration":696,"passed_time":1.830175177,"remaining_time":0.7956141729},
{"learn":[1505.84986],"iteration":697,"passed_time":1.833013493,"remaining_time":0.7930803364},
{"learn":[1505.12102],"iteration":698,"passed_time":1.835527872,"remaining_time":0.7904061366},
{"learn":[1504.843187],"iteration":699,"passed_time":1.838248076,"remaining_time":0.7878206041},
{"learn":[1504.09617],"iteration":700,"passed_time":1.840732167,"remaining_time":0.7851339771},
{"learn":[1503.630786],"iteration":701,"passed_time":1.843188033,"remaining_time":0.7824359458},
{"learn":[1503.496759],"iteration":702,"passed_time":1.845382916,"remaining_time":0.7796283442},
{"learn":[1503.020268],"iteration":703,"passed_time":1.847603556,"remaining_time":0.7768333133},
{"learn":[1502.523642],"iteration":704,"passed_time":1.849803347,"remaining_time":0.7740311876},
{"learn":[1501.709148],"iteration":705,"passed_time":1.852462483,"remaining_time":0.771422054},
{"learn":[1501.224564],"iteration":706,"passed_time":1.855681578,"remaining_time":0.7690448407},
{"learn":[1500.928008],"iteration":707,"passed_time":1.85827187,"remaining_time":0.7664059125},
{"learn":[1500.696891],"iteration":708,"passed_time":1.860588119,"remaining_time":0.7636546439},
{"learn":[1500.111138],"iteration":709,"passed_time":1.86306324,"remaining_time":0.7609694922},
{"learn":[1498.926331],"iteration":710,"passed_time":1.865558066,"remaining_time":0.758292941},
{"learn":[1498.500314],"iteration":711,"passed_time":1.868009633,"remaining_time":0.755599402},
{"learn":[1498.178258],"iteration":712,"passed_time":1.8705315,"remaining_time":0.7529348396},
{"learn":[1497.871732],"iteration":713,"passed_time":1.873515639,"remaining_time":0.7504558441},
{"learn":[1497.317484],"iteration":714,"passed_time":1.876170443,"remaining_time":0.7478441625},
{"learn":[1496.596003],"iteration":715,"passed_time":1.878468085,"remaining_time":0.7450906928},
{"learn":[1496.35795],"iteration":716,"passed_time":1.880556621,"remaining_time":0.7422559606},
{"learn":[1495.938033],"iteration":717,"passed_time":1.882639405,"remaining_time":0.7394210475},
{"learn":[1495.676779],"iteration":718,"passed_time":1.884691612,"remaining_time":0.7365762767},
{"learn":[1494.982812],"iteration":719,"passed_time":1.886808201,"remaining_time":0.7337587449},
{"learn":[1494.636797],"iteration":720,"passed_time":1.889059137,"remaining_time":0.7309951444},
{"learn":[1493.930882],"iteration":721,"passed_time":1.89150395,"remaining_time":0.7283076153},
{"learn":[1493.415512],"iteration":722,"passed_time":1.894135611,"remaining_time":0.7256923434},
{"learn":[1492.89993],"iteration":723,"passed_time":1.896561023,"remaining_time":0.7229984009},
{"learn":[1492.552982],"iteration":724,"passed_time":1.899204264,"remaining_time":0.7203878241},
{"learn":[1492.550353],"iteration":725,"passed_time":1.901302377,"remaining_time":0.7175714205},
{"learn":[1491.971152],"iteration":726,"passed_time":1.904697237,"remaining_time":0.7152439417},
{"learn":[1491.725678],"iteration":727,"passed_time":1.907063884,"remaining_time":0.7125293634},
{"learn":[1491.299594],"iteration":728,"passed_time":1.909546568,"remaining_time":0.7098588752},
{"learn":[1490.782376],"iteration":729,"passed_time":1.911885151,"remaining_time":0.7071356037},
{"learn":[1490.691581],"iteration":730,"passed_time":1.914510588,"remaining_time":0.704518944},
{"learn":[1490.282579],"iteration":731,"passed_time":1.916990368,"remaining_time":0.7018489326},
{"learn":[1489.809614],"iteration":732,"passed_time":1.919479068,"remaining_time":0.6991826892},
{"learn":[1489.078733],"iteration":733,"passed_time":1.922226079,"remaining_time":0.696610541},
{"learn":[1488.684841],"iteration":734,"passed_time":1.924689357,"remaining_time":0.6939356184},
{"learn":[1488.246797],"iteration":735,"passed_time":1.927384199,"remaining_time":0.6913443321},
{"learn":[1487.767355],"iteration":736,"passed_time":1.930134429,"remaining_time":0.6887725305},
{"learn":[1487.262593],"iteration":737,"passed_time":1.932664196,"remaining_time":0.6861219774},
{"learn":[1487.071793],"iteration":738,"passed_time":1.93484272,"remaining_time":0.6833476996},
{"learn":[1486.633642],"iteration":739,"passed_time":1.937476493,"remaining_time":0.6807349842},
{"learn":[1486.629784],"iteration":740,"passed_time":1.939756522,"remaining_time":0.6779985683},
{"learn":[1486.228644],"iteration":741,"passed_time":1.94332157,"remaining_time":0.6757101957},
{"learn":[1485.675622],"iteration":742,"passed_time":1.946722377,"remaining_time":0.6733615758},
{"learn":[1485.065287],"iteration":743,"passed_time":1.949963122,"remaining_time":0.6709550526},
{"learn":[1484.259805],"iteration":744,"passed_time":1.952938275,"remaining_time":0.6684553826},
{"learn":[1483.219262],"iteration":745,"passed_time":1.95528577,"remaining_time":0.6657407314},
{"learn":[1483.184855],"iteration":746,"passed_time":1.957527685,"remaining_time":0.6629913045},
{"learn":[1482.783143],"iteration":747,"passed_time":1.960150393,"remaining_time":0.6603715227},
{"learn":[1482.441948],"iteration":748,"passed_time":1.963073763,"remaining_time":0.6578524893},
{"learn":[1482.439573],"iteration":749,"passed_time":1.965057718,"remaining_time":0.6550192394},
{"learn":[1482.138343],"iteration":750,"passed_time":1.967657176,"remaining_time":0.652392326},
{"learn":[1481.670572],"iteration":751,"passed_time":1.971589024,"remaining_time":0.6502048908},
{"learn":[1481.489738],"iteration":752,"passed_time":1.975582213,"remaining_time":0.6480329435},
{"learn":[1480.669802],"iteration":753,"passed_time":1.978953026,"remaining_time":0.6456531091},
{"learn":[1480.135248],"iteration":754,"passed_time":1.981771926,"remaining_time":0.6430915522},
{"learn":[1479.44219],"iteration":755,"passed_time":1.984908047,"remaining_time":0.6406316976},
{"learn":[1479.044312],"iteration":756,"passed_time":1.987938825,"remaining_time":0.638136241},
{"learn":[1478.547215],"iteration":757,"passed_time":1.990732219,"remaining_time":0.6355635845},
{"learn":[1478.261733],"iteration":758,"passed_time":1.99387731,"remaining_time":0.6331020182},
{"learn":[1478.057097],"iteration":759,"passed_time":1.996765513,"remaining_time":0.6305575303},
{"learn":[1477.605146],"iteration":760,"passed_time":1.999784749,"remaining_time":0.6280532919},
{"learn":[1477.140984],"iteration":761,"passed_time":2.00269315,"remaining_time":0.6255130836},
{"learn":[1477.136694],"iteration":762,"passed_time":2.004779192,"remaining_time":0.6227164726},
{"learn":[1477.133889],"iteration":763,"passed_time":2.006955895,"remaining_time":0.6199497268},
{"learn":[1476.907829],"iteration":764,"passed_time":2.010587166,"remaining_time":0.6176313518},
{"learn":[1476.591939],"iteration":765,"passed_time":2.013823004,"remaining_time":0.6151887506},
{"learn":[1476.517138],"iteration":766,"passed_time":2.016186963,"remaining_time":0.6124792208},
{"learn":[1476.330048],"iteration":767,"passed_time":2.019198849,"remaining_time":0.6099663189},
{"learn":[1475.640796],"iteration":768,"passed_time":2.022413219,"remaining_time":0.6075129436},
{"learn":[1475.19793],"iteration":769,"passed_time":2.026152394,"remaining_time":0.6052143514},
{"learn":[1474.697357],"iteration":770,"passed_time":2.029039904,"remaining_time":0.6026590637},
{"learn":[1474.17792],"iteration":771,"passed_time":2.031481014,"remaining_time":0.5999710766},
{"learn":[1473.682831],"iteration":772,"passed_time":2.034026736,"remaining_time":0.5973144491},
{"learn":[1473.680132],"iteration":773,"passed_time":2.035928992,"remaining_time":0.5944702223},
{"learn":[1473.153773],"iteration":774,"passed_time":2.038425641,"remaining_time":0.5918009927},
{"learn":[1472.948004],"iteration":775,"passed_time":2.04091287,"remaining_time":0.5891294884},
{"learn":[1472.218113],"iteration":776,"passed_time":2.043947772,"remaining_time":0.586615641},
{"learn":[1471.78183],"iteration":777,"passed_time":2.0468077,"remaining_time":0.5840505263},
{"learn":[1471.316417],"iteration":778,"passed_time":2.049890601,"remaining_time":0.5815479112},
{"learn":[1471.313738],"iteration":779,"passed_time":2.052335023,"remaining_time":0.5788637244},
{"learn":[1470.95906],"iteration":780,"passed_time":2.055134014,"remaining_time":0.5762795764},
{"learn":[1470.453933],"iteration":781,"passed_time":2.059739689,"remaining_time":0.5741985321},
{"learn":[1470.103708],"iteration":782,"passed_time":2.062025966,"remaining_time":0.5714682435},
{"learn":[1469.171642],"iteration":783,"passed_time":2.064662054,"remaining_time":0.5688354637},
{"learn":[1468.940361],"iteration":784,"passed_time":2.066918885,"remaining_time":0.566098803},
{"learn":[1468.936535],"iteration":785,"passed_time":2.06929406,"remaining_time":0.5633955837},
{"learn":[1468.819887],"iteration":786,"passed_time":2.072122716,"remaining_time":0.5608159321},
{"learn":[1468.258981],"iteration":787,"passed_time":2.074919112,"remaining_time":0.5582269693},
{"learn":[1467.769409],"iteration":788,"passed_time":2.077286974,"remaining_time":0.555522879},
{"learn":[1467.237835],"iteration":789,"passed_time":2.079620798,"remaining_time":0.552810592},
{"learn":[1466.686748],"iteration":790,"passed_time":2.081953939,"remaining_time":0.5500990813},
{"learn":[1466.448127],"iteration":791,"passed_time":2.084369143,"remaining_time":0.547410078},
{"learn":[1466.019547],"iteration":792,"passed_time":2.086928629,"remaining_time":0.5447594277},
{"learn":[1466.016252],"iteration":793,"passed_time":2.089722959,"remaining_time":0.5421699364},
{"learn":[1466.012106],"iteration":794,"passed_time":2.093151748,"remaining_time":0.5397435325},
{"learn":[1465.792122],"iteration":795,"passed_time":2.095700959,"remaining_time":0.5370891905},
{"learn":[1465.340554],"iteration":796,"passed_time":2.098589796,"remaining_time":0.5345216168},
{"learn":[1464.94642],"iteration":797,"passed_time":2.10251344,"remaining_time":0.5322151816},
{"learn":[1464.443239],"iteration":798,"passed_time":2.105272207,"remaining_time":0.5296116567},
{"learn":[1464.440731],"iteration":799,"passed_time":2.107771169,"remaining_time":0.5269427923},
{"learn":[1464.120318],"iteration":800,"passed_time":2.110451075,"remaining_time":0.5243193057},
{"learn":[1463.784259],"iteration":801,"passed_time":2.113353319,"remaining_time":0.5217505701},
{"learn":[1463.488613],"iteration":802,"passed_time":2.11694544,"remaining_time":0.5193502512},
{"learn":[1463.238768],"iteration":803,"passed_time":2.120155288,"remaining_time":0.5168537768},
{"learn":[1462.831358],"iteration":804,"passed_time":2.123963819,"remaining_time":0.5145005525},
{"learn":[1462.601787],"iteration":805,"passed_time":2.126788314,"remaining_time":0.5119068646},
{"learn":[1462.431651],"iteration":806,"passed_time":2.129212349,"remaining_time":0.509216832},
{"learn":[1461.83325],"iteration":807,"passed_time":2.131896262,"remaining_time":0.5065892107},
{"learn":[1461.646564],"iteration":808,"passed_time":2.134486291,"remaining_time":0.5039392849},
{"learn":[1461.478126],"iteration":809,"passed_time":2.136907638,"remaining_time":0.5012499398},
{"learn":[1461.120901],"iteration":810,"passed_time":2.139711947,"remaining_time":0.498650503},
{"learn":[1460.700294],"iteration":811,"passed_time":2.142341858,"remaining_time":0.4960101839},
{"learn":[1460.345087],"iteration":812,"passed_time":2.144899879,"remaining_time":0.4933533547},
{"learn":[1459.821688],"iteration":813,"passed_time":2.147228964,"remaining_time":0.4906444561},
{"learn":[1459.227964],"iteration":814,"passed_time":2.149690691,"remaining_time":0.4879665987},
{"learn":[1458.827439],"iteration":815,"passed_time":2.152430987,"remaining_time":0.4853520852},
{"learn":[1458.605976],"iteration":816,"passed_time":2.154980398,"remaining_time":0.4826945077},
{"learn":[1458.604028],"iteration":817,"passed_time":2.156728252,"remaining_time":0.4798588531},
{"learn":[1458.600328],"iteration":818,"passed_time":2.159096441,"remaining_time":0.4771629496},
{"learn":[1457.583327],"iteration":819,"passed_time":2.162590064,"remaining_time":0.474714892},
{"learn":[1457.300424],"iteration":820,"passed_time":2.167111528,"remaining_time":0.4724883844},
{"learn":[1456.850749],"iteration":821,"passed_time":2.16971479,"remaining_time":0.4698409155},
{"learn":[1456.395698],"iteration":822,"passed_time":2.172841411,"remaining_time":0.4673061114},
{"learn":[1455.654807],"iteration":823,"passed_time":2.175343111,"remaining_time":0.4646363927},
{"learn":[1455.113291],"iteration":824,"passed_time":2.17770197,"remaining_time":0.4619367815},
{"learn":[1454.783272],"iteration":825,"passed_time":2.180247672,"remaining_time":0.4592773547},
{"learn":[1454.336482],"iteration":826,"passed_time":2.182406182,"remaining_time":0.4565372062},
{"learn":[1454.123644],"iteration":827,"passed_time":2.184842496,"remaining_time":0.4538561707},
{"learn":[1453.722818],"iteration":828,"passed_time":2.18809896,"remaining_time":0.4513449001},
{"learn":[1453.071793],"iteration":829,"passed_time":2.192567593,"remaining_time":0.4490801094},
{"learn":[1452.742256],"iteration":830,"passed_time":2.196298742,"remaining_time":0.446660033},
{"learn":[1452.349742],"iteration":831,"passed_time":2.199489721,"remaining_time":0.4441277321},
{"learn":[1452.193128],"iteration":832,"passed_time":2.202082645,"remaining_time":0.4414739516},
{"learn":[1452.019783],"iteration":833,"passed_time":2.204736405,"remaining_time":0.438832426},
{"learn":[1451.426973],"iteration":834,"passed_time":2.20718785,"remaining_time":0.4361508924},
{"learn":[1450.928298],"iteration":835,"passed_time":2.209695433,"remaining_time":0.4334809223},
{"learn":[1450.597208],"iteration":836,"passed_time":2.212169243,"remaining_time":0.430804763},
{"learn":[1450.296679],"iteration":837,"passed_time":2.214338724,"remaining_time":0.4280702544},
{"learn":[1449.81516],"iteration":838,"passed_time":2.216986729,"remaining_time":0.4254289195},
{"learn":[1449.488571],"iteration":839,"passed_time":2.219451168,"remaining_time":0.4227526034},
{"learn":[1449.139126],"iteration":840,"passed_time":2.22184331,"remaining_time":0.4200631228},
{"learn":[1448.828366],"iteration":841,"passed_time":2.224516296,"remaining_time":0.4174270484},
{"learn":[1448.512223],"iteration":842,"passed_time":2.227156332,"remaining_time":0.4147847499},
{"learn":[1448.257192],"iteration":843,"passed_time":2.229840626,"remaining_time":0.412150637},
{"learn":[1447.998862],"iteration":844,"passed_time":2.232230343,"remaining_time":0.4094623707},
{"learn":[1447.781033],"iteration":845,"passed_time":2.234690917,"remaining_time":0.4067877083},
{"learn":[1447.53918],"iteration":846,"passed_time":2.237986635,"remaining_time":0.4042644098},
{"learn":[1447.26542],"iteration":847,"passed_time":2.242208286,"remaining_time":0.4019052588},
{"learn":[1446.938996],"iteration":848,"passed_time":2.245042597,"remaining_time":0.3992949731},
{"learn":[1446.571617],"iteration":849,"passed_time":2.24720581,"remaining_time":0.3965657312},
{"learn":[1446.362272],"iteration":850,"passed_time":2.249595729,"remaining_time":0.393877513},
{"learn":[1446.35832],"iteration":851,"passed_time":2.251607911,"remaining_time":0.3911243789},
{"learn":[1445.883171],"iteration":852,"passed_time":2.254700597,"remaining_time":0.3885591884},
{"learn":[1445.319404],"iteration":853,"passed_time":2.257700753,"remaining_time":0.3859769437},
{"learn":[1444.969218],"iteration":854,"passed_time":2.260221948,"remaining_time":0.3833124941},
{"learn":[1444.901759],"iteration":855,"passed_time":2.262245623,"remaining_time":0.3805646843},
{"learn":[1444.560957],"iteration":856,"passed_time":2.264932284,"remaining_time":0.3779291908},
{"learn":[1444.128128],"iteration":857,"passed_time":2.267839725,"remaining_time":0.3753301177},
{"learn":[1443.996724],"iteration":858,"passed_time":2.270807971,"remaining_time":0.3727403073},
{"learn":[1443.578168],"iteration":859,"passed_time":2.273683611,"remaining_time":0.3701345413},
{"learn":[1443.267863],"iteration":860,"passed_time":2.276082433,"remaining_time":0.3674511709},
{"learn":[1443.203173],"iteration":861,"passed_time":2.278500703,"remaining_time":0.3647715742},
{"learn":[1443.032021],"iteration":862,"passed_time":2.282150822,"remaining_time":0.3622881374},
{"learn":[1442.737306],"iteration":863,"passed_time":2.285401847,"remaining_time":0.3597391796},
{"learn":[1442.312463],"iteration":864,"passed_time":2.288772544,"remaining_time":0.3572072756},
{"learn":[1442.309126],"iteration":865,"passed_time":2.291074858,"remaining_time":0.3545081188},
{"learn":[1441.780928],"iteration":866,"passed_time":2.293678964,"remaining_time":0.3518561733},
{"learn":[1441.626637],"iteration":867,"passed_time":2.295979146,"remaining_time":0.3491581189},
{"learn":[1441.477055],"iteration":868,"passed_time":2.298377735,"remaining_time":0.346475815},
{"learn":[1441.313818],"iteration":869,"passed_time":2.301076691,"remaining_time":0.3438390458},
{"learn":[1440.845397],"iteration":870,"passed_time":2.304014751,"remaining_time":0.3412375463},
{"learn":[1440.58939],"iteration":871,"passed_time":2.307669487,"remaining_time":0.3387404752},
{"learn":[1440.481484],"iteration":872,"passed_time":2.310186826,"remaining_time":0.3360752885},
{"learn":[1440.418943],"iteration":873,"passed_time":2.312486541,"remaining_time":0.3333790665},
{"learn":[1440.416815],"iteration":874,"passed_time":2.314556356,"remaining_time":0.3306509079},
{"learn":[1440.413425],"iteration":875,"passed_time":2.316595417,"remaining_time":0.3279198992},
{"learn":[1440.188881],"iteration":876,"passed_time":2.319495798,"remaining_time":0.3253112693},
{"learn":[1439.834505],"iteration":877,"passed_time":2.322157216,"remaining_time":0.3226687703},
{"learn":[1439.480651],"iteration":878,"passed_time":2.324530395,"remaining_time":0.3199865504},
{"learn":[1439.20289],"iteration":879,"passed_time":2.327026242,"remaining_time":0.3173217603},
{"learn":[1438.74725],"iteration":880,"passed_time":2.330212688,"remaining_time":0.3147506354},
{"learn":[1438.567098],"iteration":881,"passed_time":2.333362222,"remaining_time":0.3121731771},
{"learn":[1438.564149],"iteration":882,"passed_time":2.33618718,"remaining_time":0.3095514157},
{"learn":[1437.94038],"iteration":883,"passed_time":2.339439437,"remaining_time":0.3069852654},
{"learn":[1437.54932],"iteration":884,"passed_time":2.341984484,"remaining_time":0.3043256674},
{"learn":[1436.91014],"iteration":885,"passed_time":2.3448614,"remaining_time":0.3017090289},
{"learn":[1436.398036],"iteration":886,"passed_time":2.348877221,"remaining_time":0.2992368951},
{"learn":[1436.023115],"iteration":887,"passed_time":2.351297391,"remaining_time":0.2965600313},
{"learn":[1435.545715],"iteration":888,"passed_time":2.353959796,"remaining_time":0.2939139903},
{"learn":[1435.286168],"iteration":889,"passed_time":2.356680252,"remaining_time":0.2912750873},
{"learn":[1435.284283],"iteration":890,"passed_time":2.359095452,"remaining_time":0.288598658},
{"learn":[1434.948569],"iteration":891,"passed_time":2.362089783,"remaining_time":0.2859929334},
{"learn":[1434.464711],"iteration":892,"passed_time":2.365383267,"remaining_time":0.2834221831},
{"learn":[1434.076328],"iteration":893,"passed_time":2.368011512,"remaining_time":0.28077094},
{"learn":[1433.809654],"iteration":894,"passed_time":2.370410364,"remaining_time":0.2780928361},
{"learn":[1433.808098],"iteration":895,"passed_time":2.372389154,"remaining_time":0.2753665982},
{"learn":[1433.430203],"iteration":896,"passed_time":2.375171087,"remaining_time":0.2727342497},
{"learn":[1433.068541],"iteration":897,"passed_time":2.379142479,"remaining_time":0.2702366736},
{"learn":[1432.747741],"iteration":898,"passed_time":2.381917012,"remaining_time":0.267601355},
{"learn":[1432.41687],"iteration":899,"passed_time":2.384581194,"remaining_time":0.2649534659},
{"learn":[1432.088309],"iteration":900,"passed_time":2.387638949,"remaining_time":0.2623487857},
{"learn":[1431.680884],"iteration":901,"passed_time":2.390627552,"remaining_time":0.2597355877},
{"learn":[1431.313635],"iteration":902,"passed_time":2.393760563,"remaining_time":0.2571370705},
{"learn":[1431.101703],"iteration":903,"passed_time":2.396634132,"remaining_time":0.2545098194},
{"learn":[1430.703896],"iteration":904,"passed_time":2.399163524,"remaining_time":0.2518458948},
{"learn":[1430.365901],"iteration":905,"passed_time":2.401797151,"remaining_time":0.2491930819},
{"learn":[1430.285266],"iteration":906,"passed_time":2.403909588,"remaining_time":0.2464868707},
{"learn":[1429.631248],"iteration":907,"passed_time":2.406342107,"remaining_time":0.2438143985},
{"learn":[1429.53192],"iteration":908,"passed_time":2.408423111,"remaining_time":0.2411072641},
{"learn":[1429.433641],"iteration":909,"passed_time":2.410681837,"remaining_time":0.2384190828},
{"learn":[1429.001297],"iteration":910,"passed_time":2.413129616,"remaining_time":0.2357503138},
{"learn":[1428.544032],"iteration":911,"passed_time":2.415972339,"remaining_time":0.233120138},
{"learn":[1428.541294],"iteration":912,"passed_time":2.419256359,"remaining_time":0.2305315479},
{"learn":[1428.074253],"iteration":913,"passed_time":2.422824155,"remaining_time":0.2279681372},
{"learn":[1427.673074],"iteration":914,"passed_time":2.425365291,"remaining_time":0.2253071582},
{"learn":[1427.456872],"iteration":915,"passed_time":2.428525975,"remaining_time":0.2227032554},
{"learn":[1427.095484],"iteration":916,"passed_time":2.43103097,"remaining_time":0.2200387901},
{"learn":[1426.936684],"iteration":917,"passed_time":2.433387932,"remaining_time":0.2173614493},
{"learn":[1426.681339],"iteration":918,"passed_time":2.43556213,"remaining_time":0.214668697},
{"learn":[1426.472737],"iteration":919,"passed_time":2.437779638,"remaining_time":0.2119808381},
{"learn":[1425.806558],"iteration":920,"passed_time":2.439841217,"remaining_time":0.2092806256},
{"learn":[1425.438379],"iteration":921,"passed_time":2.441893562,"remaining_time":0.2065810172},
{"learn":[1425.337963],"iteration":922,"passed_time":2.444208358,"remaining_time":0.203904706},
{"learn":[1424.961614],"iteration":923,"passed_time":2.44725071,"remaining_time":0.2012890194},
{"learn":[1424.624448],"iteration":924,"passed_time":2.450598596,"remaining_time":0.1986971834},
{"learn":[1424.510126],"iteration":925,"passed_time":2.453041234,"remaining_time":0.1960313729},
{"learn":[1423.712764],"iteration":926,"passed_time":2.456284807,"remaining_time":0.1934291164},
{"learn":[1423.16168],"iteration":927,"passed_time":2.458993893,"remaining_time":0.190784009},
{"learn":[1422.886659],"iteration":928,"passed_time":2.461717749,"remaining_time":0.1881398926},
{"learn":[1422.650843],"iteration":929,"passed_time":2.464076961,"remaining_time":0.1854681584},
{"learn":[1422.194467],"iteration":930,"passed_time":2.466645625,"remaining_time":0.1828126188},
{"learn":[1421.817589],"iteration":931,"passed_time":2.4697817,"remaining_time":0.1801986648},
{"learn":[1421.383968],"iteration":932,"passed_time":2.472380109,"remaining_time":0.177544981},
{"learn":[1420.814413],"iteration":933,"passed_time":2.475093172,"remaining_time":0.1748995175},
{"learn":[1420.421155],"iteration":934,"passed_time":2.477508615,"remaining_time":0.1722332192},
{"learn":[1419.612641],"iteration":935,"passed_time":2.480288421,"remaining_time":0.1695923707},
{"learn":[1419.316521],"iteration":936,"passed_time":2.483098751,"remaining_time":0.1669532778},
{"learn":[1418.942371],"iteration":937,"passed_time":2.486050097,"remaining_time":0.1643231408},
{"learn":[1418.276392],"iteration":938,"passed_time":2.489039472,"remaining_time":0.16169479},
{"learn":[1418.116916],"iteration":939,"passed_time":2.493868168,"remaining_time":0.1591830746},
{"learn":[1417.561262],"iteration":940,"passed_time":2.496565149,"remaining_time":0.1565327777},
{"learn":[1417.467004],"iteration":941,"passed_time":2.498777043,"remaining_time":0.1538525143},
{"learn":[1417.376028],"iteration":942,"passed_time":2.501108534,"remaining_time":0.1511804734},
{"learn":[1416.926738],"iteration":943,"passed_time":2.503971216,"remaining_time":0.1485406654},
{"learn":[1416.550593],"iteration":944,"passed_time":2.506660337,"remaining_time":0.1458902841},
{"learn":[1416.193611],"iteration":945,"passed_time":2.509222708,"remaining_time":0.1432325859},
{"learn":[1416.11156],"iteration":946,"passed_time":2.51201545,"remaining_time":0.1405879819},
{"learn":[1415.208012],"iteration":947,"passed_time":2.514716237,"remaining_time":0.1379380214},
{"learn":[1414.864784],"iteration":948,"passed_time":2.518333123,"remaining_time":0.1353371857},
{"learn":[1414.430001],"iteration":949,"passed_time":2.521816037,"remaining_time":0.1327271598},
{"learn":[1413.999047],"iteration":950,"passed_time":2.524329057,"remaining_time":0.1300653247},
{"learn":[1413.50439],"iteration":951,"passed_time":2.526787771,"remaining_time":0.1274010641},
{"learn":[1413.175695],"iteration":952,"passed_time":2.529287597,"remaining_time":0.1247392624},
{"learn":[1412.890466],"iteration":953,"passed_time":2.532045186,"remaining_time":0.1220902291},
{"learn":[1412.644538],"iteration":954,"passed_time":2.535508054,"remaining_time":0.1194742015},
{"learn":[1412.641785],"iteration":955,"passed_time":2.538596786,"remaining_time":0.1168391826},
{"learn":[1412.620151],"iteration":956,"passed_time":2.540787344,"remaining_time":0.1141628587},
{"learn":[1412.269669],"iteration":957,"passed_time":2.543184193,"remaining_time":0.111496593},
{"learn":[1412.047232],"iteration":958,"passed_time":2.545827271,"remaining_time":0.1088414162},
{"learn":[1411.873248],"iteration":959,"passed_time":2.548750035,"remaining_time":0.1061979181},
{"learn":[1411.48025],"iteration":960,"passed_time":2.551798028,"remaining_time":0.103558921},
{"learn":[1411.077792],"iteration":961,"passed_time":2.555118774,"remaining_time":0.1009298476},
{"learn":[1410.604637],"iteration":962,"passed_time":2.557929496,"remaining_time":0.09827974179},
{"learn":[1410.188544],"iteration":963,"passed_time":2.560491974,"remaining_time":0.09562003221},
{"learn":[1409.860718],"iteration":964,"passed_time":2.563748319,"remaining_time":0.09298569032},
{"learn":[1409.355195],"iteration":965,"passed_time":2.567287628,"remaining_time":0.09036002004},
{"learn":[1409.19303],"iteration":966,"passed_time":2.569606872,"remaining_time":0.08769082397},
{"learn":[1408.703116],"iteration":967,"passed_time":2.572125066,"remaining_time":0.08502892781},
{"learn":[1408.613458],"iteration":968,"passed_time":2.574455503,"remaining_time":0.08236132156},
{"learn":[1408.284576],"iteration":969,"passed_time":2.577566497,"remaining_time":0.07971855145},
{"learn":[1407.947105],"iteration":970,"passed_time":2.580459441,"remaining_time":0.07706830463},
{"learn":[1407.944684],"iteration":971,"passed_time":2.582929228,"remaining_time":0.07440536872},
{"learn":[1407.753869],"iteration":972,"passed_time":2.585621846,"remaining_time":0.0717490132},
{"learn":[1407.539058],"iteration":973,"passed_time":2.588181591,"remaining_time":0.06908903631},
{"learn":[1407.31725],"iteration":974,"passed_time":2.590515189,"remaining_time":0.06642346639},
{"learn":[1406.954226],"iteration":975,"passed_time":2.592817063,"remaining_time":0.06375779663},
{"learn":[1406.690691],"iteration":976,"passed_time":2.595222,"remaining_time":0.06109529785},
{"learn":[1406.528425],"iteration":977,"passed_time":2.597753668,"remaining_time":0.05843617659},
{"learn":[1406.302287],"iteration":978,"passed_time":2.600091263,"remaining_time":0.05577315273},
{"learn":[1405.918717],"iteration":979,"passed_time":2.602785811,"remaining_time":0.05311807777},
{"learn":[1405.274691],"iteration":980,"passed_time":2.605820848,"remaining_time":0.05046951694},
{"learn":[1405.094506],"iteration":981,"passed_time":2.609963428,"remaining_time":0.04784047017},
{"learn":[1404.651987],"iteration":982,"passed_time":2.613568344,"remaining_time":0.04519904562},
{"learn":[1404.259257],"iteration":983,"passed_time":2.61626313,"remaining_time":0.0425408639},
{"learn":[1404.054162],"iteration":984,"passed_time":2.618850261,"remaining_time":0.03988096845},
{"learn":[1403.696062],"iteration":985,"passed_time":2.621105225,"remaining_time":0.03721650421},
{"learn":[1403.410986],"iteration":986,"passed_time":2.623453299,"remaining_time":0.03455409614},
{"learn":[1403.137482],"iteration":987,"passed_time":2.625736264,"remaining_time":0.03189153357},
{"learn":[1402.622051],"iteration":988,"passed_time":2.627991864,"remaining_time":0.02922943428},
{"learn":[1402.41108],"iteration":989,"passed_time":2.630515382,"remaining_time":0.02657086245},
{"learn":[1402.167027],"iteration":990,"passed_time":2.633234063,"remaining_time":0.02391433559},
{"learn":[1402.051127],"iteration":991,"passed_time":2.636494456,"remaining_time":0.02126205207},
{"learn":[1401.943265],"iteration":992,"passed_time":2.639783099,"remaining_time":0.01860874289},
{"learn":[1401.706863],"iteration":993,"passed_time":2.642282928,"remaining_time":0.01594939393},
{"learn":[1401.278417],"iteration":994,"passed_time":2.644544377,"remaining_time":0.01328916773},
{"learn":[1401.191403],"iteration":995,"passed_time":2.646963284,"remaining_time":0.01063037463},
{"learn":[1400.597987],"iteration":996,"passed_time":2.649273419,"remaining_time":0.007971735462},
{"learn":[1399.858013],"iteration":997,"passed_time":2.652248023,"remaining_time":0.005315126298},
{"learn":[1399.621094],"iteration":998,"passed_time":2.655549294,"remaining_time":0.002658207501},
{"learn":[1399.330041],"iteration":999,"passed_time":2.658286313,"remaining_time":0}
]}