{
"meta":{"test_sets":[],"test_metrics":[],"learn_metrics":[{"best_value":"Min","name":"RMSE"}],"launch_mode":"Train","parameters":"","iteration_count":1000,"learn_sets":["learn"],"name":"experiment"},
"iterations":[
{"learn":[4465.728076],"iteration":0,"passed_time":0.1418520891,"remaining_time":141.710237},
{"learn":[4317.724513],"iteration":1,"passed_time":0.1438718993,"remaining_time":71.79207776},
{"learn":[4167.987108],"iteration":2,"passed_time":0.1464564752,"remaining_time":48.6723686},
{"learn":[4030.483961],"iteration":3,"passed_time":0.1483033264,"remaining_time":36.92752827},
{"learn":[3906.484476],"iteration":4,"passed_time":0.1497214891,"remaining_time":29.79457632},
{"learn":[3785.45804],"iteration":5,"passed_time":0.1510829549,"remaining_time":25.02940953},
{"learn":[3673.866255],"iteration":6,"passed_time":0.152554605,"remaining_time":21.64096039},
{"learn":[3582.053307],"iteration":7,"passed_time":0.1539199509,"remaining_time":19.08607391},
{"learn":[3495.562937],"iteration":8,"passed_time":0.1553009486,"remaining_time":17.10036001},
{"learn":[3404.747833],"iteration":9,"passed_time":0.1567657113,"remaining_time":15.51980542},
{"learn":[3325.100443],"iteration":10,"passed_time":0.158338405,"remaining_time":14.23606205},
{"learn":[3254.100465],"iteration":11,"passed_time":0.1598044347,"remaining_time":13.15723179},
{"learn":[3184.608406],"iteration":12,"passed_time":0.1614654324,"remaining_time":12.25895245},
{"learn":[3122.3064],"iteration":13,"passed_time":0.1637142584,"remaining_time":11.53016134},
{"learn":[3067.655071],"iteration":14,"passed_time":0.165880199,"remaining_time":10.89279973},
{"learn":[3014.516963],"iteration":15,"passed_time":0.1676064755,"remaining_time":10.30779824},
{"learn":[2962.42526],"iteration":16,"passed_time":0.1690894934,"remaining_time":9.777351296},
{"learn":[2920.193124],"iteration":17,"passed_time":0.1708908728,"remaining_time":9.323046504},
{"learn":[2877.454215],"iteration":18,"passed_time":0.1725721147,"remaining_time":8.910170763},
{"learn":[2836.62458],"iteration":19,"passed_time":0.1740591466,"remaining_time":8.528898185},
{"learn":[2795.664099],"iteration":20,"passed_time":0.1757386679,"remaining_time":8.192769327},
{"learn":[2762.199054],"iteration":21,"passed_time":0.1771928529,"remaining_time":7.877027733},
{"learn":[2727.920877],"iteration":22,"passed_time":0.1792084963,"remaining_time":7.612465255},
{"learn":[2696.116268],"iteration":23,"passed_time":0.1817987555,"remaining_time":7.393149391},
{"learn":[2667.277157],"iteration":24,"passed_time":0.1834738633,"remaining_time":7.155480667},
{"learn":[2643.704195],"iteration":25,"passed_time":0.1851481969,"remaining_time":6.935936301},
{"learn":[2620.324789],"iteration":26,"passed_time":0.1866041543,"remaining_time":6.724660821},
{"learn":[2598.737095],"iteration":27,"passed_time":0.1883281707,"remaining_time":6.537677927},
{"learn":[2574.864901],"iteration":28,"passed_time":0.1900089614,"remaining_time":6.362024191},
{"learn":[2552.893808],"iteration":29,"passed_time":0.1919895591,"remaining_time":6.207662412},
{"learn":[2535.486441],"iteration":30,"passed_time":0.1938164966,"remaining_time":6.058328555},
{"learn":[2516.769833],"iteration":31,"passed_time":0.195424716,"remaining_time":5.91159766},
{"learn":[2498.817011],"iteration":32,"passed_time":0.1970650998,"remaining_time":5.774604591},
{"learn":[2486.823675],"iteration":33,"passed_time":0.1985813232,"remaining_time":5.64204583},
{"learn":[2477.339487],"iteration":34,"passed_time":0.2001422769,"remaining_time":5.51820849},
{"learn":[2464.056298],"iteration":35,"passed_time":0.2017596778,"remaining_time":5.402675818},
{"learn":[2448.52704],"iteration":36,"passed_time":0.2037396322,"remaining_time":5.302736914},
{"learn":[2436.821745],"iteration":37,"passed_time":0.2054717192,"remaining_time":5.201678786},
{"learn":[2424.439105],"iteration":38,"passed_time":0.2074972384,"remaining_time":5.112944772},
{"learn":[2415.645902],"iteration":39,"passed_time":0.2092622489,"remaining_time":5.022293974},
{"learn":[2406.096475],"iteration":40,"passed_time":0.2106988036,"remaining_time":4.928296406},
{"learn":[2393.874218],"iteration":41,"passed_time":0.2122655548,"remaining_time":4.841676227},
{"learn":[2382.436519],"iteration":42,"passed_time":0.213748813,"remaining_time":4.757153815},
{"learn":[2370.428937],"iteration":43,"passed_time":0.2153508277,"remaining_time":4.678986166},
{"learn":[2359.290331],"iteration":44,"passed_time":0.217004233,"remaining_time":4.605312056},
{"learn":[2353.655857],"iteration":45,"passed_time":0.2184942879,"remaining_time":4.531381536},
{"learn":[2345.404411],"iteration":46,"passed_time":0.2199888666,"remaining_time":4.460625316},
{"learn":[2335.530178],"iteration":47,"passed_time":0.2217591044,"remaining_time":4.398222237},
{"learn":[2330.782632],"iteration":48,"passed_time":0.2233715328,"remaining_time":4.335231177},
{"learn":[2321.186422],"iteration":49,"passed_time":0.2249440716,"remaining_time":4.273937361},
{"learn":[2313.298603],"iteration":50,"passed_time":0.2272563062,"remaining_time":4.228749697},
{"learn":[2307.611719],"iteration":51,"passed_time":0.2297588052,"remaining_time":4.188679757},
{"learn":[2301.396173],"iteration":52,"passed_time":0.2315225852,"remaining_time":4.136828079},
{"learn":[2294.351717],"iteration":53,"passed_time":0.2330247303,"remaining_time":4.082248053},
{"learn":[2286.62096],"iteration":54,"passed_time":0.2346256545,"remaining_time":4.031295336},
{"learn":[2278.826165],"iteration":55,"passed_time":0.2364534234,"remaining_time":3.985929137},
{"learn":[2274.18062],"iteration":56,"passed_time":0.2379562291,"remaining_time":3.936714456},
{"learn":[2267.501093],"iteration":57,"passed_time":0.2393754394,"remaining_time":3.887787309},
{"learn":[2261.458953],"iteration":58,"passed_time":0.240864589,"remaining_time":3.841586073},
{"learn":[2255.992122],"iteration":59,"passed_time":0.2422303441,"remaining_time":3.794942057},
{"learn":[2249.455234],"iteration":60,"passed_time":0.2437043541,"remaining_time":3.751448992},
{"learn":[2244.664463],"iteration":61,"passed_time":0.2452092903,"remaining_time":3.709779263},
{"learn":[2238.973436],"iteration":62,"passed_time":0.2467071338,"remaining_time":3.669279117},
{"learn":[2234.990993],"iteration":63,"passed_time":0.2482507407,"remaining_time":3.630667082},
{"learn":[2231.14429],"iteration":64,"passed_time":0.2497596063,"remaining_time":3.592695875},
{"learn":[2226.566271],"iteration":65,"passed_time":0.2516384388,"remaining_time":3.56106518},
{"learn":[2219.748379],"iteration":66,"passed_time":0.2534280224,"remaining_time":3.529079775},
{"learn":[2216.230429],"iteration":67,"passed_time":0.2557903476,"remaining_time":3.505832411},
{"learn":[2213.002927],"iteration":68,"passed_time":0.2576014532,"remaining_time":3.47575294},
{"learn":[2209.916693],"iteration":69,"passed_time":0.2592851974,"remaining_time":3.444789051},
{"learn":[2203.944916],"iteration":70,"passed_time":0.2610324773,"remaining_time":3.415481288},
{"learn":[2197.336091],"iteration":71,"passed_time":0.2627404902,"remaining_time":3.386432985},
{"learn":[2193.145482],"iteration":72,"passed_time":0.2641915716,"remaining_time":3.354871053},
{"learn":[2191.371483],"iteration":73,"passed_time":0.2658005182,"remaining_time":3.326098377},
{"learn":[2187.279978],"iteration":74,"passed_time":0.2672386195,"remaining_time":3.295942974},
{"learn":[2184.948779],"iteration":75,"passed_time":0.2688331416,"remaining_time":3.268445037},
{"learn":[2180.541579],"iteration":76,"passed_time":0.2702993261,"remaining_time":3.240081533},
{"learn":[2174.703047],"iteration":77,"passed_time":0.2716370712,"remaining_time":3.210889483},
{"learn":[2171.671162],"iteration":78,"passed_time":0.2729968778,"remaining_time":3.182659803},
{"learn":[2168.782082],"iteration":79,"passed_time":0.2743886165,"remaining_time":3.155469089},
{"learn":[2166.30975],"iteration":80,"passed_time":0.2757530764,"remaining_time":3.128605891},
{"learn":[2163.509334],"iteration":81,"passed_time":0.2771590197,"remaining_time":3.102829026},
{"learn":[2160.640571],"iteration":82,"passed_time":0.2786837589,"remaining_time":3.078951891},
{"learn":[2155.561078],"iteration":83,"passed_time":0.2803307112,"remaining_time":3.05693966},
{"learn":[2151.165073],"iteration":84,"passed_time":0.2819616118,"remaining_time":3.035233821},
{"learn":[2149.77027],"iteration":85,"passed_time":0.2839777818,"remaining_time":3.018089448},
{"learn":[2146.070954],"iteration":86,"passed_time":0.2856954535,"remaining_time":2.998160334},
{"learn":[2142.866961],"iteration":87,"passed_time":0.287183817,"remaining_time":2.976268649},
{"learn":[2140.212586],"iteration":88,"passed_time":0.2886361177,"remaining_time":2.954466329},
{"learn":[2136.828996],"iteration":89,"passed_time":0.2902177022,"remaining_time":2.934423433},
{"learn":[2134.421346],"iteration":90,"passed_time":0.2917430923,"remaining_time":2.914224955},
{"learn":[2130.294711],"iteration":91,"passed_time":0.2932244169,"remaining_time":2.893997506},
{"learn":[2125.676271],"iteration":92,"passed_time":0.2946995199,"remaining_time":2.874112522},
{"learn":[2121.965359],"iteration":93,"passed_time":0.2962099461,"remaining_time":2.854959693},
{"learn":[2116.809163],"iteration":94,"passed_time":0.2979347498,"remaining_time":2.838220512},
{"learn":[2115.502226],"iteration":95,"passed_time":0.2992915964,"remaining_time":2.8183292},
{"learn":[2112.983057],"iteration":96,"passed_time":0.3006595746,"remaining_time":2.798923669},
{"learn":[2109.544374],"iteration":97,"passed_time":0.3022688561,"remaining_time":2.782107227},
{"learn":[2105.797353],"iteration":98,"passed_time":0.3036943699,"remaining_time":2.763925528},
{"learn":[2101.203766],"iteration":99,"passed_time":0.3050699052,"remaining_time":2.745629147},
{"learn":[2096.111378],"iteration":100,"passed_time":0.306636468,"remaining_time":2.729368165},
{"learn":[2094.004505],"iteration":101,"passed_time":0.3080316948,"remaining_time":2.711886882},
{"learn":[2091.324722],"iteration":102,"passed_time":0.3095733416,"remaining_time":2.695993082},
{"learn":[2086.904828],"iteration":103,"passed_time":0.3110785979,"remaining_time":2.680061766},
{"learn":[2082.726696],"iteration":104,"passed_time":0.3125599469,"remaining_time":2.664201452},
{"learn":[2079.809102],"iteration":105,"passed_time":0.3141443281,"remaining_time":2.649481409},
{"learn":[2075.510222],"iteration":106,"passed_time":0.3158488066,"remaining_time":2.636009199},
{"learn":[2073.494572],"iteration":107,"passed_time":0.3173852029,"remaining_time":2.621366675},
{"learn":[2069.378315],"iteration":108,"passed_time":0.3190371217,"remaining_time":2.607908949},
{"learn":[2065.329688],"iteration":109,"passed_time":0.3207470706,"remaining_time":2.595135389},
{"learn":[2063.982074],"iteration":110,"passed_time":0.3222726144,"remaining_time":2.581084272},
{"learn":[2060.665337],"iteration":111,"passed_time":0.3238118358,"remaining_time":2.56736527},
{"learn":[2058.950134],"iteration":112,"passed_time":0.3258474691,"remaining_time":2.557758452},
{"learn":[2056.442197],"iteration":113,"passed_time":0.3273132036,"remaining_time":2.543855249},
{"learn":[2055.322702],"iteration":114,"passed_time":0.3287413083,"remaining_time":2.529878764},
{"learn":[2050.996807],"iteration":115,"passed_time":0.3303437353,"remaining_time":2.517447086},
{"learn":[2047.793856],"iteration":116,"passed_time":0.3318576858,"remaining_time":2.504532791},
{"learn":[2044.485894],"iteration":117,"passed_time":0.3331974335,"remaining_time":2.49050963},
{"learn":[2041.086761],"iteration":118,"passed_time":0.334616836,"remaining_time":2.477289349},
{"learn":[2040.208523],"iteration":119,"passed_time":0.3359904782,"remaining_time":2.463930174},
{"learn":[2038.014389],"iteration":120,"passed_time":0.3373842432,"remaining_time":2.450915287},
{"learn":[2035.190459],"iteration":121,"passed_time":0.3390801005,"remaining_time":2.440264985},
{"learn":[2033.385168],"iteration":122,"passed_time":0.3404817811,"remaining_time":2.427662781},
{"learn":[2030.109136],"iteration":123,"passed_time":0.3418687144,"remaining_time":2.415137047},
{"learn":[2029.556421],"iteration":124,"passed_time":0.3432948045,"remaining_time":2.403063631},
{"learn":[2026.133766],"iteration":125,"passed_time":0.3450765882,"remaining_time":2.393626493},
{"learn":[2025.018984],"iteration":126,"passed_time":0.3466885293,"remaining_time":2.38314241},
{"learn":[2021.920082],"iteration":127,"passed_time":0.3482262487,"remaining_time":2.372291319},
{"learn":[2019.511458],"iteration":128,"passed_time":0.3496762288,"remaining_time":2.360992211},
{"learn":[2017.275133],"iteration":129,"passed_time":0.3510821713,"remaining_time":2.349549916},
{"learn":[2015.096998],"iteration":130,"passed_time":0.3525511578,"remaining_time":2.338679054},
{"learn":[2013.056979],"iteration":131,"passed_time":0.3541074565,"remaining_time":2.32852479},
{"learn":[2010.290644],"iteration":132,"passed_time":0.355674093,"remaining_time":2.318567208},
{"learn":[2007.648172],"iteration":133,"passed_time":0.3572129623,"remaining_time":2.308555413},
{"learn":[2002.949202],"iteration":134,"passed_time":0.3587461222,"remaining_time":2.298632561},
{"learn":[2002.187566],"iteration":135,"passed_time":0.3600668583,"remaining_time":2.28748357},
{"learn":[1998.979654],"iteration":136,"passed_time":0.3615262517,"remaining_time":2.277351498},
{"learn":[1996.205389],"iteration":137,"passed_time":0.3631448788,"remaining_time":2.26833975},
{"learn":[1992.779896],"iteration":138,"passed_time":0.3647510828,"remaining_time":2.259357427},
{"learn":[1990.167367],"iteration":139,"passed_time":0.3663388507,"remaining_time":2.250367226},
{"learn":[1988.281341],"iteration":140,"passed_time":0.367917192,"remaining_time":2.241424595},
{"learn":[1985.963434],"iteration":141,"passed_time":0.3694850162,"remaining_time":2.23252214},
{"learn":[1984.985276],"iteration":142,"passed_time":0.3708629745,"remaining_time":2.222584399},
{"learn":[1981.561163],"iteration":143,"passed_time":0.372522996,"remaining_time":2.214442254},
{"learn":[1980.340302],"iteration":144,"passed_time":0.3741029452,"remaining_time":2.205917367},
{"learn":[1979.172871],"iteration":145,"passed_time":0.3755797981,"remaining_time":2.196884573},
{"learn":[1977.935215],"iteration":146,"passed_time":0.3771171012,"remaining_time":2.188305356},
{"learn":[1976.149178],"iteration":147,"passed_time":0.3785856998,"remaining_time":2.179425786},
{"learn":[1973.20551],"iteration":148,"passed_time":0.3801086314,"remaining_time":2.170956009},
{"learn":[1972.674577],"iteration":149,"passed_time":0.3819246606,"remaining_time":2.164239744},
{"learn":[1971.095029],"iteration":150,"passed_time":0.3835642936,"remaining_time":2.156596591},
{"learn":[1967.982815],"iteration":151,"passed_time":0.385204697,"remaining_time":2.14903673},
{"learn":[1966.074629],"iteration":152,"passed_time":0.3868531332,"remaining_time":2.141598718},
{"learn":[1964.410685],"iteration":153,"passed_time":0.3883944948,"remaining_time":2.133647679},
{"learn":[1961.850329],"iteration":154,"passed_time":0.3900298855,"remaining_time":2.126291957},
{"learn":[1959.751877],"iteration":155,"passed_time":0.3915658201,"remaining_time":2.118471488},
{"learn":[1957.072067],"iteration":156,"passed_time":0.3932091173,"remaining_time":2.111307553},
{"learn":[1956.009059],"iteration":157,"passed_time":0.3948692896,"remaining_time":2.104303429},
{"learn":[1952.839479],"iteration":158,"passed_time":0.396502127,"remaining_time":2.097221942},
{"learn":[1950.839762],"iteration":159,"passed_time":0.3981447953,"remaining_time":2.090260176},
{"learn":[1949.32908],"iteration":160,"passed_time":0.399563311,"remaining_time":2.082196385},
{"learn":[1946.46946],"iteration":161,"passed_time":0.4014940735,"remaining_time":2.076864405},
{"learn":[1944.349246],"iteration":162,"passed_time":0.4034151496,"remaining_time":2.071524418},
{"learn":[1941.846958],"iteration":163,"passed_time":0.4054255697,"remaining_time":2.066681563},
{"learn":[1940.389617],"iteration":164,"passed_time":0.4069946103,"remaining_time":2.059639392},
{"learn":[1937.797461],"iteration":165,"passed_time":0.4086898856,"remaining_time":2.053297377},
{"learn":[1935.714897],"iteration":166,"passed_time":0.4105928224,"remaining_time":2.048046833},
{"learn":[1932.313467],"iteration":167,"passed_time":0.4127936815,"remaining_time":2.044311565},
{"learn":[1930.561472],"iteration":168,"passed_time":0.4144048092,"remaining_time":2.037694653},
{"learn":[1929.46565],"iteration":169,"passed_time":0.4160815393,"remaining_time":2.031456927},
{"learn":[1927.764708],"iteration":170,"passed_time":0.4179233488,"remaining_time":2.026072843},
{"learn":[1926.587015],"iteration":171,"passed_time":0.4194132967,"remaining_time":2.019036103},
{"learn":[1925.501088],"iteration":172,"passed_time":0.4208538264,"remaining_time":2.011827251},
{"learn":[1924.034951],"iteration":173,"passed_time":0.4222532979,"remaining_time":2.004489794},
{"learn":[1921.879943],"iteration":174,"passed_time":0.4237455973,"remaining_time":1.997657816},
{"learn":[1919.922941],"iteration":175,"passed_time":0.425297251,"remaining_time":1.991164403},
{"learn":[1919.013511],"iteration":176,"passed_time":0.4267100954,"remaining_time":1.984081404},
{"learn":[1917.010216],"iteration":177,"passed_time":0.4283082906,"remaining_time":1.977918061},
{"learn":[1914.568624],"iteration":178,"passed_time":0.4303304066,"remaining_time":1.973750077},
{"learn":[1912.400824],"iteration":179,"passed_time":0.4323955435,"remaining_time":1.96980192},
{"learn":[1909.359674],"iteration":180,"passed_time":0.4345715459,"remaining_time":1.966376222},
{"learn":[1906.414399],"iteration":181,"passed_time":0.4360580677,"remaining_time":1.959865381},
{"learn":[1905.053508],"iteration":182,"passed_time":0.4374411366,"remaining_time":1.952947588},
{"learn":[1902.814637],"iteration":183,"passed_time":0.4390078048,"remaining_time":1.946904178},
{"learn":[1901.719361],"iteration":184,"passed_time":0.4410604451,"remaining_time":1.943050069},
{"learn":[1899.72727],"iteration":185,"passed_time":0.4437157116,"remaining_time":1.94185263},
{"learn":[1898.530424],"iteration":186,"passed_time":0.4462577055,"remaining_time":1.940147137},
{"learn":[1897.07391],"iteration":187,"passed_time":0.447995396,"remaining_time":1.934958838},
{"learn":[1894.501687],"iteration":188,"passed_time":0.4496797503,"remaining_time":1.929578188},
{"learn":[1892.520927],"iteration":189,"passed_time":0.4512413505,"remaining_time":1.923713126},
{"learn":[1890.958841],"iteration":190,"passed_time":0.4526691981,"remaining_time":1.917326603},
{"learn":[1889.712849],"iteration":191,"passed_time":0.4543099199,"remaining_time":1.91188758},
{"learn":[1888.888595],"iteration":192,"passed_time":0.4557982734,"remaining_time":1.905850812},
{"learn":[1888.001839],"iteration":193,"passed_time":0.4574264186,"remaining_time":1.900441719},
{"learn":[1887.011473],"iteration":194,"passed_time":0.4588308755,"remaining_time":1.894147973},
{"learn":[1886.114958],"iteration":195,"passed_time":0.4609571841,"remaining_time":1.890865184},
{"learn":[1885.063361],"iteration":196,"passed_time":0.4632292298,"remaining_time":1.888188181},
{"learn":[1883.579593],"iteration":197,"passed_time":0.4650789788,"remaining_time":1.883804753},
{"learn":[1881.437539],"iteration":198,"passed_time":0.4668543745,"remaining_time":1.879147508},
{"learn":[1880.640697],"iteration":199,"passed_time":0.4683990519,"remaining_time":1.873596207},
{"learn":[1879.160165],"iteration":200,"passed_time":0.4701853269,"remaining_time":1.869045155},
{"learn":[1878.376664],"iteration":201,"passed_time":0.4717153199,"remaining_time":1.863509036},
{"learn":[1874.810392],"iteration":202,"passed_time":0.4732839951,"remaining_time":1.858164257},
{"learn":[1873.249809],"iteration":203,"passed_time":0.4748141245,"remaining_time":1.852706093},
{"learn":[1872.046848],"iteration":204,"passed_time":0.4763860601,"remaining_time":1.847448379},
{"learn":[1869.647929],"iteration":205,"passed_time":0.4779204806,"remaining_time":1.842081852},
{"learn":[1867.814312],"iteration":206,"passed_time":0.4793697114,"remaining_time":1.836425996},
{"learn":[1865.548192],"iteration":207,"passed_time":0.4808662807,"remaining_time":1.830990838},
{"learn":[1863.485724],"iteration":208,"passed_time":0.4823869774,"remaining_time":1.825684685},
{"learn":[1862.596672],"iteration":209,"passed_time":0.4838772589,"remaining_time":1.820300164},
{"learn":[1860.71746],"iteration":210,"passed_time":0.4860729256,"remaining_time":1.817590229},
{"learn":[1860.068408],"iteration":211,"passed_time":0.488236894,"remaining_time":1.814767323},
{"learn":[1859.594051],"iteration":212,"passed_time":0.4902506844,"remaining_time":1.811395721},
{"learn":[1859.115618],"iteration":213,"passed_time":0.4916347103,"remaining_time":1.805723749},
{"learn":[1857.891771],"iteration":214,"passed_time":0.4931226872,"remaining_time":1.800471207},
{"learn":[1854.993396],"iteration":215,"passed_time":0.4946705495,"remaining_time":1.795470883},
{"learn":[1854.460062],"iteration":216,"passed_time":0.4961538221,"remaining_time":1.790269321},
{"learn":[1853.337213],"iteration":217,"passed_time":0.4975213443,"remaining_time":1.784686657},
{"learn":[1853.073986],"iteration":218,"passed_time":0.4989151678,"remaining_time":1.779236283},
{"learn":[1850.90677],"iteration":219,"passed_time":0.5006255775,"remaining_time":1.774945229},
{"learn":[1850.740374],"iteration":220,"passed_time":0.5020623163,"remaining_time":1.76971287},
{"learn":[1850.471308],"iteration":221,"passed_time":0.5036192001,"remaining_time":1.764935755},
{"learn":[1849.405509],"iteration":222,"passed_time":0.5051839191,"remaining_time":1.760214821},
{"learn":[1847.92884],"iteration":223,"passed_time":0.5066680308,"remaining_time":1.755242821},
{"learn":[1847.238181],"iteration":224,"passed_time":0.5082003725,"remaining_time":1.75046795},
{"learn":[1847.028642],"iteration":225,"passed_time":0.5095678858,"remaining_time":1.745157273},
{"learn":[1845.000966],"iteration":226,"passed_time":0.5110895423,"remaining_time":1.740406239},
{"learn":[1843.811753],"iteration":227,"passed_time":0.5126528747,"remaining_time":1.735824646},
{"learn":[1842.19975],"iteration":228,"passed_time":0.5142320844,"remaining_time":1.731322869},
{"learn":[1842.048153],"iteration":229,"passed_time":0.5155635874,"remaining_time":1.726017228},
{"learn":[1838.987511],"iteration":230,"passed_time":0.517667151,"remaining_time":1.723316187},
{"learn":[1838.611023],"iteration":231,"passed_time":0.5192155488,"remaining_time":1.718782506},
{"learn":[1838.503545],"iteration":232,"passed_time":0.5205246375,"remaining_time":1.713486682},
{"learn":[1838.34189],"iteration":233,"passed_time":0.5217245197,"remaining_time":1.707867445},
{"learn":[1838.293563],"iteration":234,"passed_time":0.5231361183,"remaining_time":1.702975023},
{"learn":[1836.010878],"iteration":235,"passed_time":0.5244968401,"remaining_time":1.697947398},
{"learn":[1835.33091],"iteration":236,"passed_time":0.5257899381,"remaining_time":1.692733007},
{"learn":[1835.207078],"iteration":237,"passed_time":0.5270680023,"remaining_time":1.687503436},
{"learn":[1834.776371],"iteration":238,"passed_time":0.5283877064,"remaining_time":1.682439517},
{"learn":[1832.736668],"iteration":239,"passed_time":0.5299781106,"remaining_time":1.678264017},
{"learn":[1830.901208],"iteration":240,"passed_time":0.5313939582,"remaining_time":1.673560225},
{"learn":[1830.463166],"iteration":241,"passed_time":0.5328287822,"remaining_time":1.668943045},
{"learn":[1829.104939],"iteration":242,"passed_time":0.534610268,"remaining_time":1.665431987},
{"learn":[1827.271045],"iteration":243,"passed_time":0.5362849831,"remaining_time":1.661604292},
{"learn":[1825.555831],"iteration":244,"passed_time":0.5378432262,"remaining_time":1.657435248},
{"learn":[1824.190345],"iteration":245,"passed_time":0.5393139987,"remaining_time":1.653019329},
{"learn":[1823.024557],"iteration":246,"passed_time":0.5407194852,"remaining_time":1.648428228},
{"learn":[1821.084728],"iteration":247,"passed_time":0.5424207042,"remaining_time":1.644759555},
{"learn":[1819.429134],"iteration":248,"passed_time":0.5439478824,"remaining_time":1.640581766},
{"learn":[1819.211976],"iteration":249,"passed_time":0.5452710145,"remaining_time":1.635813043},
{"learn":[1817.13213],"iteration":250,"passed_time":0.5467759743,"remaining_time":1.631614362},
{"learn":[1816.986271],"iteration":251,"passed_time":0.5480045868,"remaining_time":1.626616789},
{"learn":[1815.554703],"iteration":252,"passed_time":0.5493721174,"remaining_time":1.622059177},
{"learn":[1814.31938],"iteration":253,"passed_time":0.5507804316,"remaining_time":1.617646464},
{"learn":[1814.202136],"iteration":254,"passed_time":0.5520338654,"remaining_time":1.612804822},
{"learn":[1811.916237],"iteration":255,"passed_time":0.5536073115,"remaining_time":1.608921249},
{"learn":[1811.047662],"iteration":256,"passed_time":0.554930582,"remaining_time":1.604332383},
{"learn":[1809.159336],"iteration":257,"passed_time":0.5565078411,"remaining_time":1.600499295},
{"learn":[1809.044901],"iteration":258,"passed_time":0.5577120214,"remaining_time":1.595616246},
{"learn":[1807.70177],"iteration":259,"passed_time":0.5590606602,"remaining_time":1.591172648},
{"learn":[1807.55998],"iteration":260,"passed_time":0.5604097672,"remaining_time":1.586754092},
{"learn":[1805.650777],"iteration":261,"passed_time":0.5618829767,"remaining_time":1.582708537},
{"learn":[1804.171635],"iteration":262,"passed_time":0.5633599844,"remaining_time":1.578693188},
{"learn":[1802.474133],"iteration":263,"passed_time":0.5649427969,"remaining_time":1.57499204},
{"learn":[1801.157017],"iteration":264,"passed_time":0.566381933,"remaining_time":1.57090838},
{"learn":[1799.308006],"iteration":265,"passed_time":0.5678820911,"remaining_time":1.567012988},
{"learn":[1797.937461],"iteration":266,"passed_time":0.5693703391,"remaining_time":1.563102841},
{"learn":[1795.899127],"iteration":267,"passed_time":0.5713026683,"remaining_time":1.560423706},
{"learn":[1794.834014],"iteration":268,"passed_time":0.5730651011,"remaining_time":1.557288435},
{"learn":[1793.038333],"iteration":269,"passed_time":0.574642203,"remaining_time":1.553662253},
{"learn":[1791.969612],"iteration":270,"passed_time":0.5762484115,"remaining_time":1.550129491},
{"learn":[1791.861655],"iteration":271,"passed_time":0.5776755672,"remaining_time":1.546131665},
{"learn":[1790.410135],"iteration":272,"passed_time":0.5794136239,"remaining_time":1.542980603},
{"learn":[1789.333652],"iteration":273,"passed_time":0.5810442678,"remaining_time":1.53955525},
{"learn":[1788.495293],"iteration":274,"passed_time":0.5828356197,"remaining_time":1.536566634},
{"learn":[1788.381459],"iteration":275,"passed_time":0.5842956998,"remaining_time":1.532717705},
{"learn":[1787.118693],"iteration":276,"passed_time":0.5859824445,"remaining_time":1.529477644},
{"learn":[1786.335695],"iteration":277,"passed_time":0.5877035519,"remaining_time":1.526338002},
{"learn":[1786.152652],"iteration":278,"passed_time":0.5893560102,"remaining_time":1.523031123},
{"learn":[1785.133396],"iteration":279,"passed_time":0.5908023356,"remaining_time":1.519206006},
{"learn":[1784.007621],"iteration":280,"passed_time":0.5924099558,"remaining_time":1.515810528},
{"learn":[1782.247317],"iteration":281,"passed_time":0.5940066297,"remaining_time":1.512399859},
{"learn":[1782.031795],"iteration":282,"passed_time":0.5953740416,"remaining_time":1.508421158},
{"learn":[1780.679162],"iteration":283,"passed_time":0.5969088287,"remaining_time":1.504882822},
{"learn":[1779.229015],"iteration":284,"passed_time":0.59902414,"remaining_time":1.502814948},
{"learn":[1777.903643],"iteration":285,"passed_time":0.6006463371,"remaining_time":1.499515681},
{"learn":[1777.695793],"iteration":286,"passed_time":0.6020659481,"remaining_time":1.495724812},
{"learn":[1776.710599],"iteration":287,"passed_time":0.603709577,"remaining_time":1.492504232},
{"learn":[1775.812642],"iteration":288,"passed_time":0.6053233153,"remaining_time":1.489221028},
{"learn":[1774.265479],"iteration":289,"passed_time":0.6068670706,"remaining_time":1.485778},
{"learn":[1774.12918],"iteration":290,"passed_time":0.6083550314,"remaining_time":1.482212087},
{"learn":[1774.11154],"iteration":291,"passed_time":0.6096723984,"remaining_time":1.478246774},
{"learn":[1772.884776],"iteration":292,"passed_time":0.6113944976,"remaining_time":1.475276143},
{"learn":[1771.530075],"iteration":293,"passed_time":0.6131659495,"remaining_time":1.472432518},
{"learn":[1770.239058],"iteration":294,"passed_time":0.6148265967,"remaining_time":1.469331358},
{"learn":[1768.182645],"iteration":295,"passed_time":0.6164079209,"remaining_time":1.466051271},
{"learn":[1768.151276],"iteration":296,"passed_time":0.6182955283,"remaining_time":1.463507597},
{"learn":[1768.032953],"iteration":297,"passed_time":0.6202893681,"remaining_time":1.461218578},
{"learn":[1766.774436],"iteration":298,"passed_time":0.6222811844,"remaining_time":1.45892679},
{"learn":[1765.749979],"iteration":299,"passed_time":0.6238871125,"remaining_time":1.455736596},
{"learn":[1764.833675],"iteration":300,"passed_time":0.6253554793,"remaining_time":1.452237475},
{"learn":[1763.965606],"iteration":301,"passed_time":0.6269670899,"remaining_time":1.449082877},
{"learn":[1762.468059],"iteration":302,"passed_time":0.628801086,"remaining_time":1.446450023},
{"learn":[1761.825039],"iteration":303,"passed_time":0.6309678199,"remaining_time":1.444584219},
{"learn":[1761.227441],"iteration":304,"passed_time":0.6334363345,"remaining_time":1.443404107},
{"learn":[1760.068704],"iteration":305,"passed_time":0.6355003286,"remaining_time":1.441298131},
{"learn":[1759.073191],"iteration":306,"passed_time":0.6373266168,"remaining_time":1.438655848},
{"learn":[1757.52211],"iteration":307,"passed_time":0.639047222,"remaining_time":1.435781421},
{"learn":[1756.323931],"iteration":308,"passed_time":0.6406994777,"remaining_time":1.432761615},
{"learn":[1756.294556],"iteration":309,"passed_time":0.6420639726,"remaining_time":1.429110132},
{"learn":[1755.874427],"iteration":310,"passed_time":0.6436129728,"remaining_time":1.425882116},
{"learn":[1755.857586],"iteration":311,"passed_time":0.6449679286,"remaining_time":1.422236971},
{"learn":[1755.255687],"iteration":312,"passed_time":0.6466383538,"remaining_time":1.419298879},
{"learn":[1753.456159],"iteration":313,"passed_time":0.6481670083,"remaining_time":1.416059133},
{"learn":[1752.072833],"iteration":314,"passed_time":0.6496046961,"remaining_time":1.412632434},
{"learn":[1751.19115],"iteration":315,"passed_time":0.6510431992,"remaining_time":1.409220089},
{"learn":[1749.999741],"iteration":316,"passed_time":0.6524545431,"remaining_time":1.405761681},
{"learn":[1748.747512],"iteration":317,"passed_time":0.6540510321,"remaining_time":1.40271322},
{"learn":[1746.796767],"iteration":318,"passed_time":0.655661415,"remaining_time":1.399703522},
{"learn":[1746.780775],"iteration":319,"passed_time":0.6572365942,"remaining_time":1.396627763},
{"learn":[1745.853243],"iteration":320,"passed_time":0.6589580553,"remaining_time":1.393870777},
{"learn":[1745.827827],"iteration":321,"passed_time":0.6603454246,"remaining_time":1.390416764},
{"learn":[1745.043132],"iteration":322,"passed_time":0.6620494154,"remaining_time":1.387639177},
{"learn":[1743.842078],"iteration":323,"passed_time":0.6638580403,"remaining_time":1.385086529},
{"learn":[1742.893288],"iteration":324,"passed_time":0.6655551157,"remaining_time":1.382306779},
{"learn":[1741.154222],"iteration":325,"passed_time":0.6673243279,"remaining_time":1.379682813},
{"learn":[1740.001458],"iteration":326,"passed_time":0.6689865542,"remaining_time":1.376843887},
{"learn":[1738.945662],"iteration":327,"passed_time":0.670695737,"remaining_time":1.374108339},
{"learn":[1738.863414],"iteration":328,"passed_time":0.6722314389,"remaining_time":1.371025214},
{"learn":[1738.021528],"iteration":329,"passed_time":0.674176034,"remaining_time":1.368781645},
{"learn":[1738.004567],"iteration":330,"passed_time":0.6756051618,"remaining_time":1.365498046},
{"learn":[1736.883634],"iteration":331,"passed_time":0.677057832,"remaining_time":1.362272987},
{"learn":[1734.943842],"iteration":332,"passed_time":0.6787301839,"remaining_time":1.359498597},
{"learn":[1733.766398],"iteration":333,"passed_time":0.6802507133,"remaining_time":1.356428069},
{"learn":[1733.750207],"iteration":334,"passed_time":0.6814795649,"remaining_time":1.352787793},
{"learn":[1731.956369],"iteration":335,"passed_time":0.6833064991,"remaining_time":1.350343796},
{"learn":[1730.645872],"iteration":336,"passed_time":0.6849045772,"remaining_time":1.347453219},
{"learn":[1729.574253],"iteration":337,"passed_time":0.6866377792,"remaining_time":1.34483494},
{"learn":[1728.114753],"iteration":338,"passed_time":0.6881378712,"remaining_time":1.341767354},
{"learn":[1726.842701],"iteration":339,"passed_time":0.6896531617,"remaining_time":1.33873849},
{"learn":[1725.52893],"iteration":340,"passed_time":0.6910509727,"remaining_time":1.335491469},
{"learn":[1725.513181],"iteration":341,"passed_time":0.6924832166,"remaining_time":1.33232151},
{"learn":[1724.56845],"iteration":342,"passed_time":0.6939281097,"remaining_time":1.329185913},
{"learn":[1723.435727],"iteration":343,"passed_time":0.6954943283,"remaining_time":1.32629151},
{"learn":[1722.449846],"iteration":344,"passed_time":0.6970491474,"remaining_time":1.323383164},
{"learn":[1721.372686],"iteration":345,"passed_time":0.6985657988,"remaining_time":1.320410498},
{"learn":[1720.836874],"iteration":346,"passed_time":0.700061537,"remaining_time":1.317406869},
{"learn":[1719.714651],"iteration":347,"passed_time":0.7018490254,"remaining_time":1.314958519},
{"learn":[1719.701376],"iteration":348,"passed_time":0.7033541713,"remaining_time":1.311987294},
{"learn":[1717.913941],"iteration":349,"passed_time":0.7048678202,"remaining_time":1.309040238},
{"learn":[1716.631933],"iteration":350,"passed_time":0.706312711,"remaining_time":1.305974215},
{"learn":[1715.36561],"iteration":351,"passed_time":0.7077002583,"remaining_time":1.302811839},
{"learn":[1714.161912],"iteration":352,"passed_time":0.7090919982,"remaining_time":1.299667204},
{"learn":[1713.103588],"iteration":353,"passed_time":0.710567903,"remaining_time":1.29668606},
{"learn":[1712.406153],"iteration":354,"passed_time":0.7119677206,"remaining_time":1.293575154},
{"learn":[1710.171007],"iteration":355,"passed_time":0.7134760536,"remaining_time":1.290670164},
{"learn":[1709.06746],"iteration":356,"passed_time":0.7150429901,"remaining_time":1.287878551},
{"learn":[1707.701628],"iteration":357,"passed_time":0.7165821229,"remaining_time":1.285043919},
{"learn":[1707.002511],"iteration":358,"passed_time":0.7179310806,"remaining_time":1.281876943},
{"learn":[1706.16284],"iteration":359,"passed_time":0.7193914972,"remaining_time":1.278918217},
{"learn":[1706.147178],"iteration":360,"passed_time":0.7207395874,"remaining_time":1.275768965},
{"learn":[1705.117719],"iteration":361,"passed_time":0.7225587371,"remaining_time":1.273459874},
{"learn":[1705.096742],"iteration":362,"passed_time":0.7238195981,"remaining_time":1.270173785},
{"learn":[1704.443278],"iteration":363,"passed_time":0.7251969348,"remaining_time":1.267102337},
{"learn":[1704.430733],"iteration":364,"passed_time":0.7264550436,"remaining_time":1.263832747},
{"learn":[1703.930663],"iteration":365,"passed_time":0.7278254323,"remaining_time":1.260768645},
{"learn":[1703.492173],"iteration":366,"passed_time":0.7293493296,"remaining_time":1.257978544},
{"learn":[1702.677497],"iteration":367,"passed_time":0.7308611825,"remaining_time":1.255174639},
{"learn":[1701.752248],"iteration":368,"passed_time":0.7323807156,"remaining_time":1.252390871},
{"learn":[1700.782337],"iteration":369,"passed_time":0.7338629138,"remaining_time":1.249550367},
{"learn":[1700.767627],"iteration":370,"passed_time":0.7350898834,"remaining_time":1.246284465},
{"learn":[1700.753436],"iteration":371,"passed_time":0.7362382187,"remaining_time":1.242896778},
{"learn":[1699.875975],"iteration":372,"passed_time":0.7377072036,"remaining_time":1.240060098},
{"learn":[1699.191079],"iteration":373,"passed_time":0.7392896315,"remaining_time":1.237420613},
{"learn":[1698.25201],"iteration":374,"passed_time":0.7410089216,"remaining_time":1.235014869},
{"learn":[1698.216009],"iteration":375,"passed_time":0.7423546562,"remaining_time":1.231992834},
{"learn":[1697.394471],"iteration":376,"passed_time":0.7438642434,"remaining_time":1.229250461},
{"learn":[1696.223077],"iteration":377,"passed_time":0.7454805984,"remaining_time":1.226690297},
{"learn":[1695.107403],"iteration":378,"passed_time":0.7469798853,"remaining_time":1.223943295},
{"learn":[1693.821041],"iteration":379,"passed_time":0.7484432367,"remaining_time":1.221144228},
{"learn":[1692.805074],"iteration":380,"passed_time":0.7500423463,"remaining_time":1.218572736},
{"learn":[1692.256536],"iteration":381,"passed_time":0.7513554474,"remaining_time":1.21554363},
{"learn":[1690.729384],"iteration":382,"passed_time":0.7529617577,"remaining_time":1.212995834},
{"learn":[1689.447705],"iteration":383,"passed_time":0.7547705539,"remaining_time":1.210777763},
{"learn":[1689.434548],"iteration":384,"passed_time":0.7561228293,"remaining_time":1.207832572},
{"learn":[1688.304719],"iteration":385,"passed_time":0.7579158125,"remaining_time":1.205596655},
{"learn":[1687.364754],"iteration":386,"passed_time":0.7609098017,"remaining_time":1.205265396},
{"learn":[1686.85077],"iteration":387,"passed_time":0.7632843743,"remaining_time":1.203943394},
{"learn":[1685.81287],"iteration":388,"passed_time":0.7650243196,"remaining_time":1.201619176},
{"learn":[1684.876719],"iteration":389,"passed_time":0.7665705359,"remaining_time":1.198994941},
{"learn":[1683.468902],"iteration":390,"passed_time":0.7683228129,"remaining_time":1.196697169},
{"learn":[1682.58542],"iteration":391,"passed_time":0.7699084503,"remaining_time":1.194143719},
{"learn":[1681.759175],"iteration":392,"passed_time":0.7716491501,"remaining_time":1.191834692},
{"learn":[1680.941496],"iteration":393,"passed_time":0.7737376466,"remaining_time":1.190063487},
{"learn":[1680.238854],"iteration":394,"passed_time":0.7762938292,"remaining_time":1.189007004},
{"learn":[1678.909757],"iteration":395,"passed_time":0.7794460221,"remaining_time":1.188852014},
{"learn":[1678.390082],"iteration":396,"passed_time":0.7812970072,"remaining_time":1.18670553},
{"learn":[1677.749667],"iteration":397,"passed_time":0.782986164,"remaining_time":1.184315756},
{"learn":[1676.279242],"iteration":398,"passed_time":0.7848410942,"remaining_time":1.182179192},
{"learn":[1675.119321],"iteration":399,"passed_time":0.7864332162,"remaining_time":1.179649824},
{"learn":[1674.496894],"iteration":400,"passed_time":0.7880759214,"remaining_time":1.177200691},
{"learn":[1673.329631],"iteration":401,"passed_time":0.7903460512,"remaining_time":1.175688902},
{"learn":[1672.042539],"iteration":402,"passed_time":0.793339489,"remaining_time":1.175244851},
{"learn":[1671.287702],"iteration":403,"passed_time":0.7952897665,"remaining_time":1.17324926},
{"learn":[1670.398452],"iteration":404,"passed_time":0.796771037,"remaining_time":1.170564857},
{"learn":[1669.813535],"iteration":405,"passed_time":0.7982895201,"remaining_time":1.167940825},
{"learn":[1669.071078],"iteration":406,"passed_time":0.7999574998,"remaining_time":1.165540043},
{"learn":[1668.353179],"iteration":407,"passed_time":0.8014531386,"remaining_time":1.162892789},
{"learn":[1667.586198],"iteration":408,"passed_time":0.803152539,"remaining_time":1.1605456},
{"learn":[1666.719474],"iteration":409,"passed_time":0.8048813652,"remaining_time":1.158243916},
{"learn":[1666.706732],"iteration":410,"passed_time":0.8064533686,"remaining_time":1.155720278},
{"learn":[1665.559295],"iteration":411,"passed_time":0.8086185359,"remaining_time":1.154047813},
{"learn":[1665.106265],"iteration":412,"passed_time":0.810683325,"remaining_time":1.152230295},
{"learn":[1663.925133],"iteration":413,"passed_time":0.8122238944,"remaining_time":1.14966957},
{"learn":[1663.912931],"iteration":414,"passed_time":0.813521393,"remaining_time":1.14677112},
{"learn":[1663.902021],"iteration":415,"passed_time":0.8149614584,"remaining_time":1.144080509},
{"learn":[1663.113764],"iteration":416,"passed_time":0.8173024949,"remaining_time":1.142655527},
{"learn":[1662.366398],"iteration":417,"passed_time":0.8194725077,"remaining_time":1.140988037},
{"learn":[1661.125734],"iteration":418,"passed_time":0.8217686095,"remaining_time":1.139492988},
{"learn":[1659.684746],"iteration":419,"passed_time":0.8235823514,"remaining_time":1.137328009},
{"learn":[1659.673307],"iteration":420,"passed_time":0.8248733373,"remaining_time":1.134445754},
{"learn":[1658.609549],"iteration":421,"passed_time":0.8263927505,"remaining_time":1.131883909},
{"learn":[1658.148658],"iteration":422,"passed_time":0.8279175021,"remaining_time":1.129334276},
{"learn":[1657.541337],"iteration":423,"passed_time":0.8295196031,"remaining_time":1.126894555},
{"learn":[1656.811775],"iteration":424,"passed_time":0.8314230949,"remaining_time":1.12486654},
{"learn":[1655.952799],"iteration":425,"passed_time":0.8329436825,"remaining_time":1.122323178},
{"learn":[1655.893675],"iteration":426,"passed_time":0.8341818576,"remaining_time":1.119405631},
{"learn":[1655.875808],"iteration":427,"passed_time":0.8360416035,"remaining_time":1.117326629},
{"learn":[1655.391461],"iteration":428,"passed_time":0.8380147102,"remaining_time":1.115399533},
{"learn":[1654.837625],"iteration":429,"passed_time":0.8398875486,"remaining_time":1.113339309},
{"learn":[1653.611315],"iteration":430,"passed_time":0.8415924142,"remaining_time":1.111058199},
{"learn":[1653.603385],"iteration":431,"passed_time":0.8428440255,"remaining_time":1.108183811},
{"learn":[1652.764056],"iteration":432,"passed_time":0.8444183841,"remaining_time":1.105739547},
{"learn":[1652.014841],"iteration":433,"passed_time":0.8460385886,"remaining_time":1.103359081},
{"learn":[1651.242422],"iteration":434,"passed_time":0.847697504,"remaining_time":1.10103239},
{"learn":[1649.073482],"iteration":435,"passed_time":0.8492272695,"remaining_time":1.098541697},
{"learn":[1647.970619],"iteration":436,"passed_time":0.8510246156,"remaining_time":1.096400134},
{"learn":[1647.234157],"iteration":437,"passed_time":0.8524474469,"remaining_time":1.093779601},
{"learn":[1646.187783],"iteration":438,"passed_time":0.8538993048,"remaining_time":1.091201617},
{"learn":[1645.60658],"iteration":439,"passed_time":0.8557816155,"remaining_time":1.089176602},
{"learn":[1645.596504],"iteration":440,"passed_time":0.857109551,"remaining_time":1.086449522},
{"learn":[1644.913928],"iteration":441,"passed_time":0.8585945346,"remaining_time":1.083927037},
{"learn":[1644.355619],"iteration":442,"passed_time":0.8602198991,"remaining_time":1.081585742},
{"learn":[1642.856637],"iteration":443,"passed_time":0.8624197037,"remaining_time":1.079967016},
{"learn":[1641.897723],"iteration":444,"passed_time":0.8646213108,"remaining_time":1.078347927},
{"learn":[1640.829338],"iteration":445,"passed_time":0.8662288131,"remaining_time":1.075988257},
{"learn":[1640.028411],"iteration":446,"passed_time":0.8683295992,"remaining_time":1.074242211},
{"learn":[1639.313216],"iteration":447,"passed_time":0.8705008858,"remaining_time":1.072581449},
{"learn":[1638.492284],"iteration":448,"passed_time":0.8729864464,"remaining_time":1.07130408},
{"learn":[1637.433796],"iteration":449,"passed_time":0.8746035165,"remaining_time":1.068959854},
{"learn":[1636.701445],"iteration":450,"passed_time":0.8762352734,"remaining_time":1.06663673},
{"learn":[1636.651183],"iteration":451,"passed_time":0.8775511876,"remaining_time":1.063933741},
{"learn":[1635.623391],"iteration":452,"passed_time":0.8791960427,"remaining_time":1.061634074},
{"learn":[1634.871192],"iteration":453,"passed_time":0.881102855,"remaining_time":1.059652332},
{"learn":[1634.386132],"iteration":454,"passed_time":0.8835014684,"remaining_time":1.058260001},
{"learn":[1633.815992],"iteration":455,"passed_time":0.886256783,"remaining_time":1.057288794},
{"learn":[1632.951511],"iteration":456,"passed_time":0.8882406864,"remaining_time":1.055393201},
{"learn":[1632.433119],"iteration":457,"passed_time":0.8899198271,"remaining_time":1.053136564},
{"learn":[1631.534936],"iteration":458,"passed_time":0.8916430084,"remaining_time":1.050934352},
{"learn":[1631.509468],"iteration":459,"passed_time":0.8932842252,"remaining_time":1.048638004},
{"learn":[1630.400322],"iteration":460,"passed_time":0.8952589303,"remaining_time":1.046734411},
{"learn":[1630.331746],"iteration":461,"passed_time":0.897385246,"remaining_time":1.045007061},
{"learn":[1629.747603],"iteration":462,"passed_time":0.8992607985,"remaining_time":1.042987146},
{"learn":[1629.73773],"iteration":463,"passed_time":0.9008776432,"remaining_time":1.040669002},
{"learn":[1628.946957],"iteration":464,"passed_time":0.9032525186,"remaining_time":1.039226016},
{"learn":[1628.330534],"iteration":465,"passed_time":0.9048240885,"remaining_time":1.036858505},
{"learn":[1627.96224],"iteration":466,"passed_time":0.9064032191,"remaining_time":1.034503032},
{"learn":[1627.458409],"iteration":467,"passed_time":0.9080375878,"remaining_time":1.032213668},
{"learn":[1626.720175],"iteration":468,"passed_time":0.9095774105,"remaining_time":1.029820053},
{"learn":[1625.829162],"iteration":469,"passed_time":0.9111934691,"remaining_time":1.02751604},
{"learn":[1625.314309],"iteration":470,"passed_time":0.9126540393,"remaining_time":1.025040312},
{"learn":[1625.306488],"iteration":471,"passed_time":0.9139081337,"remaining_time":1.022337912},
{"learn":[1624.360475],"iteration":472,"passed_time":0.9154287634,"remaining_time":1.019938601},
{"learn":[1623.766856],"iteration":473,"passed_time":0.9168329404,"remaining_time":1.017413769},
{"learn":[1623.13582],"iteration":474,"passed_time":0.9187342941,"remaining_time":1.015443167},
{"learn":[1622.603645],"iteration":475,"passed_time":0.9202881361,"remaining_time":1.013090301},
{"learn":[1621.997767],"iteration":476,"passed_time":0.9219182538,"remaining_time":1.010824417},
{"learn":[1620.968835],"iteration":477,"passed_time":0.9233782196,"remaining_time":1.008375378},
{"learn":[1620.369977],"iteration":478,"passed_time":0.9248680827,"remaining_time":1.005962988},
{"learn":[1618.440276],"iteration":479,"passed_time":0.9262565474,"remaining_time":1.003444593},
{"learn":[1617.691444],"iteration":480,"passed_time":0.9276569017,"remaining_time":1.000943725},
{"learn":[1617.080496],"iteration":481,"passed_time":0.9290317416,"remaining_time":0.9984200044},
{"learn":[1616.061149],"iteration":482,"passed_time":0.9304529003,"remaining_time":0.99595062},
{"learn":[1615.4226],"iteration":483,"passed_time":0.9318053434,"remaining_time":0.9934123083},
{"learn":[1614.516966],"iteration":484,"passed_time":0.9334904101,"remaining_time":0.9912320849},
{"learn":[1614.510941],"iteration":485,"passed_time":0.934820146,"remaining_time":0.9886780968},
{"learn":[1614.010712],"iteration":486,"passed_time":0.9370049381,"remaining_time":0.9870298424},
{"learn":[1613.312565],"iteration":487,"passed_time":0.9387855427,"remaining_time":0.9849553235},
{"learn":[1612.589035],"iteration":488,"passed_time":0.9403192657,"remaining_time":0.982624018},
{"learn":[1612.582187],"iteration":489,"passed_time":0.9414679343,"remaining_time":0.9798951969},
{"learn":[1611.707572],"iteration":490,"passed_time":0.9431028734,"remaining_time":0.9776769095},
{"learn":[1611.699536],"iteration":491,"passed_time":0.944857743,"remaining_time":0.975584824},
{"learn":[1610.923268],"iteration":492,"passed_time":0.9469052258,"remaining_time":0.9737950293},
{"learn":[1610.133753],"iteration":493,"passed_time":0.9496757397,"remaining_time":0.972744786},
{"learn":[1609.417533],"iteration":494,"passed_time":0.951470916,"remaining_time":0.9706925506},
{"learn":[1608.938368],"iteration":495,"passed_time":0.9534642043,"remaining_time":0.9688426592},
{"learn":[1608.295372],"iteration":496,"passed_time":0.9552155977,"remaining_time":0.9667473756},
{"learn":[1607.785844],"iteration":497,"passed_time":0.9570835373,"remaining_time":0.9647709553},
{"learn":[1607.780715],"iteration":498,"passed_time":0.9588434068,"remaining_time":0.9626864665},
{"learn":[1607.268625],"iteration":499,"passed_time":0.9620246716,"remaining_time":0.9620246716},
{"learn":[1606.889292],"iteration":500,"passed_time":0.9645915884,"remaining_time":0.9607409233},
{"learn":[1606.8843],"iteration":501,"passed_time":0.9663071684,"remaining_time":0.9586075097},
{"learn":[1606.551472],"iteration":502,"passed_time":0.9685785821,"remaining_time":0.9570249608},
{"learn":[1605.790488],"iteration":503,"passed_time":0.9703080637,"remaining_time":0.9549063484},
{"learn":[1605.783054],"iteration":504,"passed_time":0.9719155624,"remaining_time":0.9526697096},
{"learn":[1604.344063],"iteration":505,"passed_time":0.9742164888,"remaining_time":0.9511125404},
{"learn":[1603.672454],"iteration":506,"passed_time":0.9768816917,"remaining_time":0.9499066548},
{"learn":[1603.178962],"iteration":507,"passed_time":0.9793689568,"remaining_time":0.9485226905},
{"learn":[1602.531786],"iteration":508,"passed_time":0.9813388168,"remaining_time":0.946635283},
{"learn":[1601.636065],"iteration":509,"passed_time":0.9830733427,"remaining_time":0.944521447},
{"learn":[1601.116858],"iteration":510,"passed_time":0.9848650248,"remaining_time":0.9424637908},
{"learn":[1600.140999],"iteration":511,"passed_time":0.9864576321,"remaining_time":0.9402174306},
{"learn":[1598.807677],"iteration":512,"passed_time":0.9882488052,"remaining_time":0.9381621211},
{"learn":[1598.149118],"iteration":513,"passed_time":0.9902717258,"remaining_time":0.9363269625},
{"learn":[1597.862622],"iteration":514,"passed_time":0.9925578804,"remaining_time":0.9347389748},
{"learn":[1597.614383],"iteration":515,"passed_time":0.9949885735,"remaining_time":0.9332838557},
{"learn":[1596.466223],"iteration":516,"passed_time":0.9970137839,"remaining_time":0.9314461462},
{"learn":[1595.740014],"iteration":517,"passed_time":0.99873503,"remaining_time":0.9293248735},
{"learn":[1595.008546],"iteration":518,"passed_time":1.000471338,"remaining_time":0.9272191013},
{"learn":[1594.249715],"iteration":519,"passed_time":1.002967968,"remaining_time":0.9258165858},
{"learn":[1594.23952],"iteration":520,"passed_time":1.004582092,"remaining_time":0.9235985066},
{"learn":[1594.234202],"iteration":521,"passed_time":1.006796998,"remaining_time":0.9219328831},
{"learn":[1593.734369],"iteration":522,"passed_time":1.008675098,"remaining_time":0.9199579763},
{"learn":[1593.299014],"iteration":523,"passed_time":1.010331046,"remaining_time":0.917781637},
{"learn":[1593.29378],"iteration":524,"passed_time":1.01183823,"remaining_time":0.9154726847},
{"learn":[1592.480528],"iteration":525,"passed_time":1.013451434,"remaining_time":0.913262319},
{"learn":[1591.331876],"iteration":526,"passed_time":1.015235827,"remaining_time":0.9112078678},
{"learn":[1590.72437],"iteration":527,"passed_time":1.017111086,"remaining_time":0.9092356677},
{"learn":[1590.677455],"iteration":528,"passed_time":1.018963559,"remaining_time":0.9072435472},
{"learn":[1590.278836],"iteration":529,"passed_time":1.02067722,"remaining_time":0.9051288553},
{"learn":[1589.425923],"iteration":530,"passed_time":1.02247099,"remaining_time":0.9030864295},
{"learn":[1588.754158],"iteration":531,"passed_time":1.024672346,"remaining_time":0.9014034926},
{"learn":[1588.745141],"iteration":532,"passed_time":1.026646739,"remaining_time":0.8995197509},
{"learn":[1588.126408],"iteration":533,"passed_time":1.029108699,"remaining_time":0.898061149},
{"learn":[1587.438766],"iteration":534,"passed_time":1.03109626,"remaining_time":0.8961864693},
{"learn":[1586.781992],"iteration":535,"passed_time":1.033163036,"remaining_time":0.8943799416},
{"learn":[1585.905459],"iteration":536,"passed_time":1.035557762,"remaining_time":0.8928552027},
{"learn":[1585.196347],"iteration":537,"passed_time":1.037324419,"remaining_time":0.8907878837},
{"learn":[1584.43927],"iteration":538,"passed_time":1.038937118,"remaining_time":0.8885900027},
{"learn":[1583.765977],"iteration":539,"passed_time":1.04047073,"remaining_time":0.8863269179},
{"learn":[1583.01039],"iteration":540,"passed_time":1.042035506,"remaining_time":0.8840929709},
{"learn":[1583.003917],"iteration":541,"passed_time":1.043268237,"remaining_time":0.8815809086},
{"learn":[1582.702275],"iteration":542,"passed_time":1.044756942,"remaining_time":0.8792889914},
{"learn":[1582.054454],"iteration":543,"passed_time":1.046626898,"remaining_time":0.8773196056},
{"learn":[1581.759482],"iteration":544,"passed_time":1.048113366,"remaining_time":0.8750304244},
{"learn":[1581.373696],"iteration":545,"passed_time":1.049679315,"remaining_time":0.8728102733},
{"learn":[1580.759585],"iteration":546,"passed_time":1.051817935,"remaining_time":0.8710667723},
{"learn":[1580.274008],"iteration":547,"passed_time":1.053830457,"remaining_time":0.8692178221},
{"learn":[1578.819376],"iteration":548,"passed_time":1.056114614,"remaining_time":0.8675914222},
{"learn":[1578.600563],"iteration":549,"passed_time":1.057537307,"remaining_time":0.865257797},
{"learn":[1578.545355],"iteration":550,"passed_time":1.058882901,"remaining_time":0.862864651},
{"learn":[1578.10509],"iteration":551,"passed_time":1.06058703,"remaining_time":0.860766285},
{"learn":[1577.790473],"iteration":552,"passed_time":1.063096824,"remaining_time":0.8593205789},
{"learn":[1577.061916],"iteration":553,"passed_time":1.064954265,"remaining_time":0.8573458519},
{"learn":[1576.357656],"iteration":554,"passed_time":1.066720896,"remaining_time":0.8552987363},
{"learn":[1575.672407],"iteration":555,"passed_time":1.068247768,"remaining_time":0.8530611675},
{"learn":[1575.211009],"iteration":556,"passed_time":1.069668574,"remaining_time":0.8507417924},
{"learn":[1574.565315],"iteration":557,"passed_time":1.071572142,"remaining_time":0.848808041},
{"learn":[1573.1758],"iteration":558,"passed_time":1.073107965,"remaining_time":0.84658428},
{"learn":[1572.662512],"iteration":559,"passed_time":1.074593299,"remaining_time":0.8443233067},
{"learn":[1571.875751],"iteration":560,"passed_time":1.076776733,"remaining_time":0.842611383},
{"learn":[1571.251972],"iteration":561,"passed_time":1.079142799,"remaining_time":0.8410401175},
{"learn":[1570.679665],"iteration":562,"passed_time":1.081704796,"remaining_time":0.8396181098},
{"learn":[1570.103361],"iteration":563,"passed_time":1.083647765,"remaining_time":0.8377135204},
{"learn":[1568.916019],"iteration":564,"passed_time":1.086295732,"remaining_time":0.8363515811},
{"learn":[1568.516475],"iteration":565,"passed_time":1.088421715,"remaining_time":0.8345848489},
{"learn":[1567.906038],"iteration":566,"passed_time":1.090101125,"remaining_time":0.8324758151},
{"learn":[1567.438766],"iteration":567,"passed_time":1.09183855,"remaining_time":0.8304124187},
{"learn":[1567.088224],"iteration":568,"passed_time":1.093408055,"remaining_time":0.8282229729},
{"learn":[1566.384295],"iteration":569,"passed_time":1.094990133,"remaining_time":0.8260451877},
{"learn":[1565.495324],"iteration":570,"passed_time":1.097013095,"remaining_time":0.8242007315},
{"learn":[1564.393451],"iteration":571,"passed_time":1.099356994,"remaining_time":0.8225957924},
{"learn":[1563.574809],"iteration":572,"passed_time":1.101791211,"remaining_time":0.8210555798},
{"learn":[1562.618622],"iteration":573,"passed_time":1.103481954,"remaining_time":0.8189604746},
{"learn":[1562.351317],"iteration":574,"passed_time":1.105250078,"remaining_time":0.8169239708},
{"learn":[1561.552855],"iteration":575,"passed_time":1.107149435,"remaining_time":0.8149850009},
{"learn":[1560.761409],"iteration":576,"passed_time":1.108780746,"remaining_time":0.8128496628},
{"learn":[1560.060117],"iteration":577,"passed_time":1.110326392,"remaining_time":0.810653525},
{"learn":[1559.225082],"iteration":578,"passed_time":1.112423598,"remaining_time":0.8088606819},
{"learn":[1558.371224],"iteration":579,"passed_time":1.114507823,"remaining_time":0.8070573889},
{"learn":[1558.367024],"iteration":580,"passed_time":1.116529153,"remaining_time":0.8052077714},
{"learn":[1557.763046],"iteration":581,"passed_time":1.118367207,"remaining_time":0.8032259321},
{"learn":[1557.141134],"iteration":582,"passed_time":1.119984758,"remaining_time":0.801086868},
{"learn":[1556.506936],"iteration":583,"passed_time":1.123128869,"remaining_time":0.8000370026},
{"learn":[1556.085229],"iteration":584,"passed_time":1.124725654,"remaining_time":0.7978823013},
{"learn":[1555.938403],"iteration":585,"passed_time":1.126263526,"remaining_time":0.7956878838},
{"learn":[1555.424431],"iteration":586,"passed_time":1.128434049,"remaining_time":0.7939408214},
{"learn":[1554.953689],"iteration":587,"passed_time":1.131059955,"remaining_time":0.7925113967},
{"learn":[1554.550644],"iteration":588,"passed_time":1.134079483,"remaining_time":0.7913525761},
{"learn":[1553.7436],"iteration":589,"passed_time":1.136062385,"remaining_time":0.7894670813},
{"learn":[1553.155513],"iteration":590,"passed_time":1.137880349,"remaining_time":0.7874671115},
{"learn":[1552.744904],"iteration":591,"passed_time":1.139620918,"remaining_time":0.7854144162},
{"learn":[1552.547457],"iteration":592,"passed_time":1.141376712,"remaining_time":0.7833732243},
{"learn":[1551.946508],"iteration":593,"passed_time":1.143686571,"remaining_time":0.781711697},
{"learn":[1551.941304],"iteration":594,"passed_time":1.145969263,"remaining_time":0.7800294984},
{"learn":[1551.296598],"iteration":595,"passed_time":1.148296961,"remaining_time":0.7783757923},
{"learn":[1550.740395],"iteration":596,"passed_time":1.150744598,"remaining_time":0.7768007921},
{"learn":[1550.102746],"iteration":597,"passed_time":1.152694059,"remaining_time":0.7748879798},
{"learn":[1550.097446],"iteration":598,"passed_time":1.154197781,"remaining_time":0.7726766448},
{"learn":[1549.420065],"iteration":599,"passed_time":1.15582473,"remaining_time":0.7705498202},
{"learn":[1548.930216],"iteration":600,"passed_time":1.157568287,"remaining_time":0.7685020741},
{"learn":[1548.510604],"iteration":601,"passed_time":1.159391511,"remaining_time":0.7665080091},
{"learn":[1548.265999],"iteration":602,"passed_time":1.16156513,"remaining_time":0.7647452015},
{"learn":[1547.975336],"iteration":603,"passed_time":1.163731911,"remaining_time":0.7629765511},
{"learn":[1547.066843],"iteration":604,"passed_time":1.166292097,"remaining_time":0.7614634356},
{"learn":[1546.73319],"iteration":605,"passed_time":1.168081492,"remaining_time":0.7594457226},
{"learn":[1546.236432],"iteration":606,"passed_time":1.169690937,"remaining_time":0.7573122543},
{"learn":[1544.945863],"iteration":607,"passed_time":1.17131042,"remaining_time":0.755186981},
{"learn":[1544.155385],"iteration":608,"passed_time":1.172796446,"remaining_time":0.7529776851},
{"learn":[1543.522719],"iteration":609,"passed_time":1.174570486,"remaining_time":0.7509549011},
{"learn":[1543.157497],"iteration":610,"passed_time":1.176258941,"remaining_time":0.7488784422},
{"learn":[1542.404383],"iteration":611,"passed_time":1.178022559,"remaining_time":0.7468509034},
{"learn":[1542.40103],"iteration":612,"passed_time":1.179143311,"remaining_time":0.7444183707},
{"learn":[1542.025466],"iteration":613,"passed_time":1.180887759,"remaining_time":0.7423822068},
{"learn":[1542.014269],"iteration":614,"passed_time":1.182443522,"remaining_time":0.7402288714},
{"learn":[1541.275475],"iteration":615,"passed_time":1.18414685,"remaining_time":0.7381694649},
{"learn":[1540.722892],"iteration":616,"passed_time":1.185938605,"remaining_time":0.736166103},
{"learn":[1540.052153],"iteration":617,"passed_time":1.187657258,"remaining_time":0.7341182403},
{"learn":[1539.215292],"iteration":618,"passed_time":1.189517016,"remaining_time":0.7321582926},
{"learn":[1538.73701],"iteration":619,"passed_time":1.191865774,"remaining_time":0.7304983773},
{"learn":[1537.778891],"iteration":620,"passed_time":1.194691242,"remaining_time":0.7291271829},
{"learn":[1537.224621],"iteration":621,"passed_time":1.196396423,"remaining_time":0.7270704949},
{"learn":[1536.714334],"iteration":622,"passed_time":1.198030923,"remaining_time":0.7249721635},
{"learn":[1536.709427],"iteration":623,"passed_time":1.199462022,"remaining_time":0.7227527566},
{"learn":[1536.386915],"iteration":624,"passed_time":1.201248292,"remaining_time":0.7207489751},
{"learn":[1536.357404],"iteration":625,"passed_time":1.203396009,"remaining_time":0.718961833},
{"learn":[1535.821512],"iteration":626,"passed_time":1.207234001,"remaining_time":0.7181790787},
{"learn":[1535.241112],"iteration":627,"passed_time":1.209856897,"remaining_time":0.7166668243},
{"learn":[1535.23801],"iteration":628,"passed_time":1.211213378,"remaining_time":0.7144040754},
{"learn":[1534.606046],"iteration":629,"passed_time":1.212784492,"remaining_time":0.7122702574},
{"learn":[1534.19985],"iteration":630,"passed_time":1.214394878,"remaining_time":0.7101611888},
{"learn":[1533.689823],"iteration":631,"passed_time":1.216106529,"remaining_time":0.7081126627},
{"learn":[1533.062632],"iteration":632,"passed_time":1.217984589,"remaining_time":0.706161681},
{"learn":[1532.528471],"iteration":633,"passed_time":1.22015912,"remaining_time":0.704382079},
{"learn":[1531.99678],"iteration":634,"passed_time":1.222914817,"remaining_time":0.7029352884},
{"learn":[1531.711283],"iteration":635,"passed_time":1.225938004,"remaining_time":0.7016374742},
{"learn":[1531.390155],"iteration":636,"passed_time":1.227834267,"remaining_time":0.6996920549},
{"learn":[1530.741379],"iteration":637,"passed_time":1.2295809,"remaining_time":0.69766189},
{"learn":[1530.131766],"iteration":638,"passed_time":1.2313824,"remaining_time":0.6956636093},
{"learn":[1529.667406],"iteration":639,"passed_time":1.233228385,"remaining_time":0.6936909664},
{"learn":[1529.579709],"iteration":640,"passed_time":1.235261274,"remaining_time":0.6918233969},
{"learn":[1529.312526],"iteration":641,"passed_time":1.237707519,"remaining_time":0.6901858126},
{"learn":[1528.429035],"iteration":642,"passed_time":1.23953839,"remaining_time":0.6882040517},
{"learn":[1527.76655],"iteration":643,"passed_time":1.241152884,"remaining_time":0.686103147},
{"learn":[1527.408921],"iteration":644,"passed_time":1.242752957,"remaining_time":0.6839958133},
{"learn":[1526.749937],"iteration":645,"passed_time":1.244601147,"remaining_time":0.6820260157},
{"learn":[1526.346765],"iteration":646,"passed_time":1.246548463,"remaining_time":0.6801106759},
{"learn":[1526.32675],"iteration":647,"passed_time":1.248026855,"remaining_time":0.6779405139},
{"learn":[1525.913168],"iteration":648,"passed_time":1.249791686,"remaining_time":0.6759273986},
{"learn":[1525.662012],"iteration":649,"passed_time":1.251862148,"remaining_time":0.6740796182},
{"learn":[1525.65908],"iteration":650,"passed_time":1.253318392,"remaining_time":0.6719018721},
{"learn":[1524.851304],"iteration":651,"passed_time":1.255608184,"remaining_time":0.6701712394},
{"learn":[1524.533434],"iteration":652,"passed_time":1.257189647,"remaining_time":0.6680624922},
{"learn":[1524.530191],"iteration":653,"passed_time":1.258579957,"remaining_time":0.6658542279},
{"learn":[1524.527154],"iteration":654,"passed_time":1.260333523,"remaining_time":0.6638397944},
{"learn":[1523.920305],"iteration":655,"passed_time":1.262106652,"remaining_time":0.6618364149},
{"learn":[1522.938688],"iteration":656,"passed_time":1.264202769,"remaining_time":0.6600023587},
{"learn":[1522.575342],"iteration":657,"passed_time":1.266004672,"remaining_time":0.6580145863},
{"learn":[1522.289443],"iteration":658,"passed_time":1.267304449,"remaining_time":0.6557675523},
{"learn":[1521.927519],"iteration":659,"passed_time":1.268682944,"remaining_time":0.6535639408},
{"learn":[1521.495587],"iteration":660,"passed_time":1.270031733,"remaining_time":0.6513475907},
{"learn":[1520.7148],"iteration":661,"passed_time":1.271503575,"remaining_time":0.6491966894},
{"learn":[1519.999846],"iteration":662,"passed_time":1.272927198,"remaining_time":0.6470233271},
{"learn":[1519.708835],"iteration":663,"passed_time":1.274591498,"remaining_time":0.6449740112},
{"learn":[1519.072913],"iteration":664,"passed_time":1.276266239,"remaining_time":0.6429311131},
{"learn":[1518.724545],"iteration":665,"passed_time":1.277874002,"remaining_time":0.6408557306},
{"learn":[1518.302821],"iteration":666,"passed_time":1.279516826,"remaining_time":0.6387992548},
{"learn":[1517.896375],"iteration":667,"passed_time":1.28111245,"remaining_time":0.6367205591},
{"learn":[1517.288517],"iteration":668,"passed_time":1.282832063,"remaining_time":0.6347046531},
{"learn":[1516.904685],"iteration":669,"passed_time":1.284244675,"remaining_time":0.6325384222},
{"learn":[1516.502223],"iteration":670,"passed_time":1.285612963,"remaining_time":0.6303527046},
{"learn":[1515.962515],"iteration":671,"passed_time":1.287155846,"remaining_time":0.6282546392},
{"learn":[1515.353685],"iteration":672,"passed_time":1.288734373,"remaining_time":0.6261755422},
{"learn":[1515.096671],"iteration":673,"passed_time":1.290205116,"remaining_time":0.6240457979},
{"learn":[1514.980615],"iteration":674,"passed_time":1.291669174,"remaining_time":0.6219147873},
{"learn":[1514.488447],"iteration":675,"passed_time":1.293352505,"remaining_time":0.6198908455},
{"learn":[1514.133001],"iteration":676,"passed_time":1.294877885,"remaining_time":0.6177925509},
{"learn":[1513.863053],"iteration":677,"passed_time":1.296842255,"remaining_time":0.6159044339},
{"learn":[1513.239794],"iteration":678,"passed_time":1.298860253,"remaining_time":0.614041445},
{"learn":[1512.961169],"iteration":679,"passed_time":1.301110194,"remaining_time":0.6122871501},
{"learn":[1512.958296],"iteration":680,"passed_time":1.302175697,"remaining_time":0.6099765747},
{"learn":[1512.953774],"iteration":681,"passed_time":1.303428667,"remaining_time":0.6077570617},
{"learn":[1512.609827],"iteration":682,"passed_time":1.304866186,"remaining_time":0.6056260335},
{"learn":[1512.3345],"iteration":683,"passed_time":1.306608142,"remaining_time":0.6036376797},
{"learn":[1511.407211],"iteration":684,"passed_time":1.308425188,"remaining_time":0.6016845756},
{"learn":[1510.825373],"iteration":685,"passed_time":1.310102209,"remaining_time":0.599667775},
{"learn":[1510.011024],"iteration":686,"passed_time":1.312437053,"remaining_time":0.5979516706},
{"learn":[1509.539221],"iteration":687,"passed_time":1.314502612,"remaining_time":0.5961116498},
{"learn":[1508.988945],"iteration":688,"passed_time":1.3169131,"remaining_time":0.5944266677},
{"learn":[1508.573],"iteration":689,"passed_time":1.318375903,"remaining_time":0.5923138114},
{"learn":[1508.208359],"iteration":690,"passed_time":1.319998255,"remaining_time":0.5902741836},
{"learn":[1508.203938],"iteration":691,"passed_time":1.321550717,"remaining_time":0.5882046543},
{"learn":[1507.694026],"iteration":692,"passed_time":1.323340395,"remaining_time":0.5862417044},
{"learn":[1507.689671],"iteration":693,"passed_time":1.32477914,"remaining_time":0.5841245201},
{"learn":[1507.266468],"iteration":694,"passed_time":1.326522465,"remaining_time":0.5821429524},
{"learn":[1506.733735],"iteration":695,"passed_time":1.328581279,"remaining_time":0.5802998692},
{"learn":[1506.004977],"iteration":696,"passed_time":1.331101342,"remaining_time":0.578656681},
{"learn":[1505.84986],"iteration":697,"passed_time":1.333361449,"remaining_time":0.5768985066},
{"learn":[1505.12102],"iteration":698,"passed_time":1.335665039,"remaining_time":0.5751576207},
{"learn":[1504.843187],"iteration":699,"passed_time":1.338637897,"remaining_time":0.5737019558},
{"learn":[1504.09617],"iteration":700,"passed_time":1.340507406,"remaining_time":0.5717713472},
{"learn":[1503.630786],"iteration":701,"passed_time":1.342189933,"remaining_time":0.5697615386},
{"learn":[1503.496759],"iteration":702,"passed_time":1.34472493,"remaining_time":0.5681128082},
{"learn":[1503.020268],"iteration":703,"passed_time":1.347521701,"remaining_time":0.5665716243},
{"learn":[1502.523642],"iteration":704,"passed_time":1.349769058,"remaining_time":0.5647969815},
{"learn":[1501.709148],"iteration":705,"passed_time":1.351512279,"remaining_time":0.5628110625},
{"learn":[1501.224564],"iteration":706,"passed_time":1.353656405,"remaining_time":0.5609919755},
{"learn":[1500.928008],"iteration":707,"passed_time":1.355215426,"remaining_time":0.558930656},
{"learn":[1500.696891],"iteration":708,"passed_time":1.356703452,"remaining_time":0.5568416142},
{"learn":[1500.111138],"iteration":709,"passed_time":1.358349171,"remaining_time":0.5548186756},
{"learn":[1498.926331],"iteration":710,"passed_time":1.360587966,"remaining_time":0.5530378654},
{"learn":[1498.500314],"iteration":711,"passed_time":1.36314165,"remaining_time":0.5513831392},
{"learn":[1498.178258],"iteration":712,"passed_time":1.365023336,"remaining_time":0.549455396},
{"learn":[1497.871732],"iteration":713,"passed_time":1.36680707,"remaining_time":0.5474885462},
{"learn":[1497.317484],"iteration":714,"passed_time":1.368493076,"remaining_time":0.545483254},
{"learn":[1496.596003],"iteration":715,"passed_time":1.370236221,"remaining_time":0.543501518},
{"learn":[1496.35795],"iteration":716,"passed_time":1.37181973,"remaining_time":0.5414574387},
{"learn":[1495.938033],"iteration":717,"passed_time":1.373467909,"remaining_time":0.5394400424},
{"learn":[1495.676779],"iteration":718,"passed_time":1.375294088,"remaining_time":0.5374932388},
{"learn":[1494.982812],"iteration":719,"passed_time":1.378051273,"remaining_time":0.5359088283},
{"learn":[1494.636797],"iteration":720,"passed_time":1.380836592,"remaining_time":0.5343320517},
{"learn":[1493.930882],"iteration":721,"passed_time":1.38408078,"remaining_time":0.5329286107},
{"learn":[1493.415512],"iteration":722,"passed_time":1.386112119,"remaining_time":0.5310554038},
{"learn":[1492.89993],"iteration":723,"passed_time":1.387722947,"remaining_time":0.5290214549},
{"learn":[1492.552982],"iteration":724,"passed_time":1.389198692,"remaining_time":0.5269374349},
{"learn":[1492.550353],"iteration":725,"passed_time":1.39026118,"remaining_time":0.5246991232},
{"learn":[1491.971152],"iteration":726,"passed_time":1.391795871,"remaining_time":0.5226413655},
{"learn":[1491.725678],"iteration":727,"passed_time":1.393257123,"remaining_time":0.5205576063},
{"learn":[1491.299594],"iteration":728,"passed_time":1.39467791,"remaining_time":0.5184605126},
{"learn":[1490.782376],"iteration":729,"passed_time":1.396246073,"remaining_time":0.5164197804},
{"learn":[1490.691581],"iteration":730,"passed_time":1.397547881,"remaining_time":0.5142823254},
{"learn":[1490.282579],"iteration":731,"passed_time":1.399299175,"remaining_time":0.51231172},
{"learn":[1489.809614],"iteration":732,"passed_time":1.401220979,"remaining_time":0.5104038218},
{"learn":[1489.078733],"iteration":733,"passed_time":1.403051199,"remaining_time":0.5084626961},
{"learn":[1488.684841],"iteration":734,"passed_time":1.405117013,"remaining_time":0.5066068143},
{"learn":[1488.246797],"iteration":735,"passed_time":1.407380117,"remaining_time":0.504821129},
{"learn":[1487.767355],"iteration":736,"passed_time":1.409623101,"remaining_time":0.5030269682},
{"learn":[1487.262593],"iteration":737,"passed_time":1.411705452,"remaining_time":0.5011745641},
{"learn":[1487.071793],"iteration":738,"passed_time":1.413839265,"remaining_time":0.4993397135},
{"learn":[1486.633642],"iteration":739,"passed_time":1.416112938,"remaining_time":0.4975531946},
{"learn":[1486.629784],"iteration":740,"passed_time":1.417623787,"remaining_time":0.4954987326},
{"learn":[1486.228644],"iteration":741,"passed_time":1.419394679,"remaining_time":0.4935361552},
{"learn":[1485.675622],"iteration":742,"passed_time":1.421634677,"remaining_time":0.4917363554},
{"learn":[1485.065287],"iteration":743,"passed_time":1.424194816,"remaining_time":0.4900455279},
{"learn":[1484.259805],"iteration":744,"passed_time":1.425989851,"remaining_time":0.4880904859},
{"learn":[1483.219262],"iteration":745,"passed_time":1.427711602,"remaining_time":0.4861109207},
{"learn":[1483.184855],"iteration":746,"passed_time":1.429126293,"remaining_time":0.4840280484},
{"learn":[1482.783143],"iteration":747,"passed_time":1.430947537,"remaining_time":0.4820839297},
{"learn":[1482.441948],"iteration":748,"passed_time":1.432634275,"remaining_time":0.480095064},
{"learn":[1482.439573],"iteration":749,"passed_time":1.433896067,"remaining_time":0.4779653556},
{"learn":[1482.138343],"iteration":750,"passed_time":1.435876968,"remaining_time":0.4760763849},
{"learn":[1481.670572],"iteration":751,"passed_time":1.438106332,"remaining_time":0.4742691093},
{"learn":[1481.489738],"iteration":752,"passed_time":1.440439666,"remaining_time":0.4724948173},
{"learn":[1480.669802],"iteration":753,"passed_time":1.442688401,"remaining_time":0.4706914412},
{"learn":[1480.135248],"iteration":754,"passed_time":1.444256317,"remaining_time":0.4686659573},
{"learn":[1479.44219],"iteration":755,"passed_time":1.445944345,"remaining_time":0.4666804499},
{"learn":[1479.044312],"iteration":756,"passed_time":1.447424427,"remaining_time":0.4646289772},
{"learn":[1478.547215],"iteration":757,"passed_time":1.449755977,"remaining_time":0.462850853},
{"learn":[1478.261733],"iteration":758,"passed_time":1.45294242,"remaining_time":0.4613427183},
{"learn":[1478.057097],"iteration":759,"passed_time":1.455365905,"remaining_time":0.4595892331},
{"learn":[1477.605146],"iteration":760,"passed_time":1.457748002,"remaining_time":0.4578209888},
{"learn":[1477.140984],"iteration":761,"passed_time":1.4593348,"remaining_time":0.4558027328},
{"learn":[1477.136694],"iteration":762,"passed_time":1.460784423,"remaining_time":0.453742999},
{"learn":[1477.133889],"iteration":763,"passed_time":1.462237724,"remaining_time":0.4516859986},
{"learn":[1476.907829],"iteration":764,"passed_time":1.463620305,"remaining_time":0.449608852},
{"learn":[1476.591939],"iteration":765,"passed_time":1.465236181,"remaining_time":0.4476047863},
{"learn":[1476.517138],"iteration":766,"passed_time":1.467396538,"remaining_time":0.4457671361},
{"learn":[1476.330048],"iteration":767,"passed_time":1.469700117,"remaining_time":0.4439719105},
{"learn":[1475.640796],"iteration":768,"passed_time":1.471884279,"remaining_time":0.4421394909},
{"learn":[1475.19793],"iteration":769,"passed_time":1.473510153,"remaining_time":0.4401393962},
{"learn":[1474.697357],"iteration":770,"passed_time":1.475218086,"remaining_time":0.4381646454},
{"learn":[1474.17792],"iteration":771,"passed_time":1.476932576,"remaining_time":0.4361925224},
{"learn":[1473.682831],"iteration":772,"passed_time":1.479606479,"remaining_time":0.4345028081},
{"learn":[1473.680132],"iteration":773,"passed_time":1.481248051,"remaining_time":0.4325091209},
{"learn":[1473.153773],"iteration":774,"passed_time":1.483129463,"remaining_time":0.430585973},
{"learn":[1472.948004],"iteration":775,"passed_time":1.485208926,"remaining_time":0.4287201023},
{"learn":[1472.218113],"iteration":776,"passed_time":1.487566456,"remaining_time":0.4269334874},
{"learn":[1471.78183],"iteration":777,"passed_time":1.489109257,"remaining_time":0.4249129241},
{"learn":[1471.316417],"iteration":778,"passed_time":1.490931505,"remaining_time":0.422972866},
{"learn":[1471.313738],"iteration":779,"passed_time":1.492477084,"remaining_time":0.4209550751},
{"learn":[1470.95906],"iteration":780,"passed_time":1.496806377,"remaining_time":0.4197190737},
{"learn":[1470.453933],"iteration":781,"passed_time":1.498798703,"remaining_time":0.4178236795},
{"learn":[1470.103708],"iteration":782,"passed_time":1.501398064,"remaining_time":0.4160962707},
{"learn":[1469.171642],"iteration":783,"passed_time":1.50374668,"remaining_time":0.4142975548},
{"learn":[1468.940361],"iteration":784,"passed_time":1.505520404,"remaining_time":0.4123399832},
{"learn":[1468.936535],"iteration":785,"passed_time":1.50689041,"remaining_time":0.4102729615},
{"learn":[1468.819887],"iteration":786,"passed_time":1.508243791,"remaining_time":0.4082032115},
{"learn":[1468.258981],"iteration":787,"passed_time":1.5097775,"remaining_time":0.4061837945},
{"learn":[1467.769409],"iteration":788,"passed_time":1.511353316,"remaining_time":0.404176869},
{"learn":[1467.237835],"iteration":789,"passed_time":1.513297746,"remaining_time":0.402269021},
{"learn":[1466.686748],"iteration":790,"passed_time":1.515118917,"remaining_time":0.4003285128},
{"learn":[1466.448127],"iteration":791,"passed_time":1.516749604,"remaining_time":0.3983382797},
{"learn":[1466.019547],"iteration":792,"passed_time":1.519290525,"remaining_time":0.3965865556},
{"learn":[1466.016252],"iteration":793,"passed_time":1.521041916,"remaining_time":0.3946280035},
{"learn":[1466.012106],"iteration":794,"passed_time":1.523902324,"remaining_time":0.3929559452},
{"learn":[1465.792122],"iteration":795,"passed_time":1.525561547,"remaining_time":0.3909730599},
{"learn":[1465.340554],"iteration":796,"passed_time":1.527134795,"remaining_time":0.3889690883},
{"learn":[1464.94642],"iteration":797,"passed_time":1.528826846,"remaining_time":0.3869962693},
{"learn":[1464.443239],"iteration":798,"passed_time":1.530367353,"remaining_time":0.3849860299},
{"learn":[1464.440731],"iteration":799,"passed_time":1.532188278,"remaining_time":0.3830470696},
{"learn":[1464.120318],"iteration":800,"passed_time":1.534194323,"remaining_time":0.3811543949},
{"learn":[1463.784259],"iteration":801,"passed_time":1.53595302,"remaining_time":0.3792003715},
{"learn":[1463.488613],"iteration":802,"passed_time":1.537654877,"remaining_time":0.3772328902},
{"learn":[1463.238768],"iteration":803,"passed_time":1.539666172,"remaining_time":0.3753415046},
{"learn":[1462.831358],"iteration":804,"passed_time":1.541359058,"remaining_time":0.3733726911},
{"learn":[1462.601787],"iteration":805,"passed_time":1.543189552,"remaining_time":0.3714376837},
{"learn":[1462.431651],"iteration":806,"passed_time":1.545371202,"remaining_time":0.369586917},
{"learn":[1461.83325],"iteration":807,"passed_time":1.547660264,"remaining_time":0.3677608547},
{"learn":[1461.646564],"iteration":808,"passed_time":1.549672532,"remaining_time":0.3658682986},
{"learn":[1461.478126],"iteration":809,"passed_time":1.551085281,"remaining_time":0.363834819},
{"learn":[1461.120901],"iteration":810,"passed_time":1.552755645,"remaining_time":0.3618629062},
{"learn":[1460.700294],"iteration":811,"passed_time":1.554444838,"remaining_time":0.3598960955},
{"learn":[1460.345087],"iteration":812,"passed_time":1.55658404,"remaining_time":0.3580334753},
{"learn":[1459.821688],"iteration":813,"passed_time":1.558202673,"remaining_time":0.3560512249},
{"learn":[1459.227964],"iteration":814,"passed_time":1.559710311,"remaining_time":0.3540446718},
{"learn":[1458.827439],"iteration":815,"passed_time":1.561622895,"remaining_time":0.3521306528},
{"learn":[1458.605976],"iteration":816,"passed_time":1.563868511,"remaining_time":0.3502912333},
{"learn":[1458.604028],"iteration":817,"passed_time":1.565326694,"remaining_time":0.3482756215},
{"learn":[1458.600328],"iteration":818,"passed_time":1.566871031,"remaining_time":0.346280411},
{"learn":[1457.583327],"iteration":819,"passed_time":1.568453232,"remaining_time":0.344294612},
{"learn":[1457.300424],"iteration":820,"passed_time":1.57002077,"remaining_time":0.342306599},
{"learn":[1456.850749],"iteration":821,"passed_time":1.571646113,"remaining_time":0.3403321266},
{"learn":[1456.395698],"iteration":822,"passed_time":1.573326887,"remaining_time":0.338370424},
{"learn":[1455.654807],"iteration":823,"passed_time":1.575240755,"remaining_time":0.3364591904},
{"learn":[1455.113291],"iteration":824,"passed_time":1.57735057,"remaining_time":0.3345895148},
{"learn":[1454.783272],"iteration":825,"passed_time":1.578999121,"remaining_time":0.3326220909},
{"learn":[1454.336482],"iteration":826,"passed_time":1.580460324,"remaining_time":0.3306162468},
{"learn":[1454.123644],"iteration":827,"passed_time":1.581863057,"remaining_time":0.3285995722},
{"learn":[1453.722818],"iteration":828,"passed_time":1.583620633,"remaining_time":0.3266575733},
{"learn":[1453.071793],"iteration":829,"passed_time":1.585253718,"remaining_time":0.3246905206},
{"learn":[1452.742256],"iteration":830,"passed_time":1.586731976,"remaining_time":0.3226927846},
{"learn":[1452.349742],"iteration":831,"passed_time":1.588185984,"remaining_time":0.3206914006},
{"learn":[1452.193128],"iteration":832,"passed_time":1.589781524,"remaining_time":0.3187197053},
{"learn":[1452.019783],"iteration":833,"passed_time":1.59169696,"remaining_time":0.3168125844},
{"learn":[1451.426973],"iteration":834,"passed_time":1.593792833,"remaining_time":0.3149410987},
{"learn":[1450.928298],"iteration":835,"passed_time":1.595836968,"remaining_time":0.3130589267},
{"learn":[1450.597208],"iteration":836,"passed_time":1.597232106,"remaining_time":0.31104998},
{"learn":[1450.296679],"iteration":837,"passed_time":1.598840933,"remaining_time":0.309083808},
{"learn":[1449.81516],"iteration":838,"passed_time":1.600268447,"remaining_time":0.3070836948},
{"learn":[1449.488571],"iteration":839,"passed_time":1.601764803,"remaining_time":0.3050980577},
{"learn":[1449.139126],"iteration":840,"passed_time":1.603233441,"remaining_time":0.3031083438},
{"learn":[1448.828366],"iteration":841,"passed_time":1.60469491,"remaining_time":0.3011185223},
{"learn":[1448.512223],"iteration":842,"passed_time":1.606229016,"remaining_time":0.2991434823},
{"learn":[1448.257192],"iteration":843,"passed_time":1.607613483,"remaining_time":0.2971418286},
{"learn":[1447.998862],"iteration":844,"passed_time":1.609194877,"remaining_time":0.2951777585},
{"learn":[1447.781033],"iteration":845,"passed_time":1.610607864,"remaining_time":0.2931839374},
{"learn":[1447.53918],"iteration":846,"passed_time":1.612048584,"remaining_time":0.2911964975},
{"learn":[1447.26542],"iteration":847,"passed_time":1.613445747,"remaining_time":0.2892025396},
{"learn":[1446.938996],"iteration":848,"passed_time":1.614769074,"remaining_time":0.2871968553},
{"learn":[1446.571617],"iteration":849,"passed_time":1.616308428,"remaining_time":0.2852308991},
{"learn":[1446.362272],"iteration":850,"passed_time":1.617801426,"remaining_time":0.283257829},
{"learn":[1446.35832],"iteration":851,"passed_time":1.61913158,"remaining_time":0.2812575984},
{"learn":[1445.883171],"iteration":852,"passed_time":1.620554802,"remaining_time":0.2792749776},
{"learn":[1445.319404],"iteration":853,"passed_time":1.622300993,"remaining_time":0.2773488817},
{"learn":[1444.969218],"iteration":854,"passed_time":1.623969258,"remaining_time":0.2754099912},
{"learn":[1444.901759],"iteration":855,"passed_time":1.625319739,"remaining_time":0.2734182739},
{"learn":[1444.560957],"iteration":856,"passed_time":1.626820587,"remaining_time":0.2714531435},
{"learn":[1444.128128],"iteration":857,"passed_time":1.628269151,"remaining_time":0.2694804423},
{"learn":[1443.996724],"iteration":858,"passed_time":1.629675174,"remaining_time":0.2675019785},
{"learn":[1443.578168],"iteration":859,"passed_time":1.631567757,"remaining_time":0.2656040535},
{"learn":[1443.267863],"iteration":860,"passed_time":1.633186882,"remaining_time":0.2636619938},
{"learn":[1443.203173],"iteration":861,"passed_time":1.63457988,"remaining_time":0.261684482},
{"learn":[1443.032021],"iteration":862,"passed_time":1.636038698,"remaining_time":0.2597187736},
{"learn":[1442.737306],"iteration":863,"passed_time":1.637553516,"remaining_time":0.2577630534},
{"learn":[1442.312463],"iteration":864,"passed_time":1.639025692,"remaining_time":0.2558016976},
{"learn":[1442.309126],"iteration":865,"passed_time":1.640278644,"remaining_time":0.25380755},
{"learn":[1441.780928],"iteration":866,"passed_time":1.641646336,"remaining_time":0.2518327137},
{"learn":[1441.626637],"iteration":867,"passed_time":1.643068152,"remaining_time":0.2498675069},
{"learn":[1441.477055],"iteration":868,"passed_time":1.644364604,"remaining_time":0.2478846525},
{"learn":[1441.313818],"iteration":869,"passed_time":1.645702685,"remaining_time":0.2459095966},
{"learn":[1440.845397],"iteration":870,"passed_time":1.647299463,"remaining_time":0.2439743178},
{"learn":[1440.58939],"iteration":871,"passed_time":1.648938159,"remaining_time":0.2420459683},
{"learn":[1440.481484],"iteration":872,"passed_time":1.650382856,"remaining_time":0.2400900604},
{"learn":[1440.418943],"iteration":873,"passed_time":1.65170428,"remaining_time":0.2381175506},
{"learn":[1440.416815],"iteration":874,"passed_time":1.653076518,"remaining_time":0.2361537883},
{"learn":[1440.413425],"iteration":875,"passed_time":1.654337762,"remaining_time":0.2341756649},
{"learn":[1440.188881],"iteration":876,"passed_time":1.655900647,"remaining_time":0.2322414819},
{"learn":[1439.834505],"iteration":877,"passed_time":1.65728928,"remaining_time":0.2302839318},
{"learn":[1439.480651],"iteration":878,"passed_time":1.658774069,"remaining_time":0.2283409128},
{"learn":[1439.20289],"iteration":879,"passed_time":1.660265318,"remaining_time":0.226399816},
{"learn":[1438.74725],"iteration":880,"passed_time":1.661715614,"remaining_time":0.2244542089},
{"learn":[1438.567098],"iteration":881,"passed_time":1.663192347,"remaining_time":0.2225132619},
{"learn":[1438.564149],"iteration":882,"passed_time":1.664510148,"remaining_time":0.2205523072},
{"learn":[1437.94038],"iteration":883,"passed_time":1.666124966,"remaining_time":0.2186317829},
{"learn":[1437.54932],"iteration":884,"passed_time":1.667678897,"remaining_time":0.2167040374},
{"learn":[1436.91014],"iteration":885,"passed_time":1.669081054,"remaining_time":0.2147576074},
{"learn":[1436.398036],"iteration":886,"passed_time":1.670516327,"remaining_time":0.2128166233},
{"learn":[1436.023115],"iteration":887,"passed_time":1.671883315,"remaining_time":0.2108681659},
{"learn":[1435.545715],"iteration":888,"passed_time":1.673259871,"remaining_time":0.2089222111},
{"learn":[1435.286168],"iteration":889,"passed_time":1.674794373,"remaining_time":0.2069970573},
{"learn":[1435.284283],"iteration":890,"passed_time":1.676103292,"remaining_time":0.2050451839},
{"learn":[1434.948569],"iteration":891,"passed_time":1.677446349,"remaining_time":0.2030988854},
{"learn":[1434.464711],"iteration":892,"passed_time":1.679059551,"remaining_time":0.2011863067},
{"learn":[1434.076328],"iteration":893,"passed_time":1.680683262,"remaining_time":0.199275644},
{"learn":[1433.809654],"iteration":894,"passed_time":1.682112471,"remaining_time":0.1973428039},
{"learn":[1433.808098],"iteration":895,"passed_time":1.683211692,"remaining_time":0.1953727857},
{"learn":[1433.430203],"iteration":896,"passed_time":1.684704398,"remaining_time":0.1934498919},
{"learn":[1433.068541],"iteration":897,"passed_time":1.686128718,"remaining_time":0.1915201884},
{"learn":[1432.747741],"iteration":898,"passed_time":1.687656882,"remaining_time":0.189603276},
{"learn":[1432.41687],"iteration":899,"passed_time":1.689103765,"remaining_time":0.1876781961},
{"learn":[1432.088309],"iteration":900,"passed_time":1.690602939,"remaining_time":0.1857599234},
{"learn":[1431.680884],"iteration":901,"passed_time":1.692226172,"remaining_time":0.1838560586},
{"learn":[1431.313635],"iteration":902,"passed_time":1.693772619,"remaining_time":0.1819445671},
{"learn":[1431.101703],"iteration":903,"passed_time":1.695332486,"remaining_time":0.1800353083},
{"learn":[1430.703896],"iteration":904,"passed_time":1.696956058,"remaining_time":0.1781335088},
{"learn":[1430.365901],"iteration":905,"passed_time":1.698516508,"remaining_time":0.1762257745},
{"learn":[1430.285266],"iteration":906,"passed_time":1.699911396,"remaining_time":0.17430183},
{"learn":[1429.631248],"iteration":907,"passed_time":1.701379541,"remaining_time":0.1723864733},
{"learn":[1429.53192],"iteration":908,"passed_time":1.70286085,"remaining_time":0.1704734184},
{"learn":[1429.433641],"iteration":909,"passed_time":1.704389302,"remaining_time":0.1685659749},
{"learn":[1429.001297],"iteration":910,"passed_time":1.706048244,"remaining_time":0.1666721117},
{"learn":[1428.544032],"iteration":911,"passed_time":1.707676682,"remaining_time":0.1647758202},
{"learn":[1428.541294],"iteration":912,"passed_time":1.708967984,"remaining_time":0.1628479897},
{"learn":[1428.074253],"iteration":913,"passed_time":1.71034922,"remaining_time":0.1609300141},
{"learn":[1427.673074],"iteration":914,"passed_time":1.711919223,"remaining_time":0.1590307475},
{"learn":[1427.456872],"iteration":915,"passed_time":1.713652812,"remaining_time":0.1571472011},
{"learn":[1427.095484],"iteration":916,"passed_time":1.715115942,"remaining_time":0.1552395019},
{"learn":[1426.936684],"iteration":917,"passed_time":1.716447006,"remaining_time":0.1533209744},
{"learn":[1426.681339],"iteration":918,"passed_time":1.718061615,"remaining_time":0.1514287169},
{"learn":[1426.472737],"iteration":919,"passed_time":1.719582226,"remaining_time":0.1495288892},
{"learn":[1425.806558],"iteration":920,"passed_time":1.720994729,"remaining_time":0.1476206119},
{"learn":[1425.438379],"iteration":921,"passed_time":1.722951855,"remaining_time":0.1457594845},
{"learn":[1425.337963],"iteration":922,"passed_time":1.724519353,"remaining_time":0.1438656449},
{"learn":[1424.961614],"iteration":923,"passed_time":1.726217855,"remaining_time":0.1419832868},
{"learn":[1424.624448],"iteration":924,"passed_time":1.727774621,"remaining_time":0.1400898341},
{"learn":[1424.510126],"iteration":925,"passed_time":1.72926539,"remaining_time":0.1381918346},
{"learn":[1423.712764],"iteration":926,"passed_time":1.730818579,"remaining_time":0.1362996292},
{"learn":[1423.16168],"iteration":927,"passed_time":1.732344861,"remaining_time":0.1344060668},
{"learn":[1422.886659],"iteration":928,"passed_time":1.733972859,"remaining_time":0.1325210689},
{"learn":[1422.650843],"iteration":929,"passed_time":1.735681131,"remaining_time":0.1306426658},
{"learn":[1422.194467],"iteration":930,"passed_time":1.737539063,"remaining_time":0.12877572},
{"learn":[1421.817589],"iteration":931,"passed_time":1.739041151,"remaining_time":0.1268828307},
{"learn":[1421.383968],"iteration":932,"passed_time":1.740530575,"remaining_time":0.1249898698},
{"learn":[1420.814413],"iteration":933,"passed_time":1.742145,"remaining_time":0.123106606},
{"learn":[1420.421155],"iteration":934,"passed_time":1.743631022,"remaining_time":0.1212149908},
{"learn":[1419.612641],"iteration":935,"passed_time":1.745604115,"remaining_time":0.1193575464},
{"learn":[1419.316521],"iteration":936,"passed_time":1.747199793,"remaining_time":0.1174744791},
{"learn":[1418.942371],"iteration":937,"passed_time":1.748747008,"remaining_time":0.1155888215},
{"learn":[1418.276392],"iteration":938,"passed_time":1.750236835,"remaining_time":0.1137001565},
{"learn":[1418.116916],"iteration":939,"passed_time":1.751945248,"remaining_time":0.1118262924},
{"learn":[1417.561262],"iteration":940,"passed_time":1.753350438,"remaining_time":0.1099337682},
{"learn":[1417.467004],"iteration":941,"passed_time":1.754914631,"remaining_time":0.1080520686},
{"learn":[1417.376028],"iteration":942,"passed_time":1.756293098,"remaining_time":0.1061598161},
{"learn":[1416.926738],"iteration":943,"passed_time":1.758015031,"remaining_time":0.1042890273},
{"learn":[1416.550593],"iteration":944,"passed_time":1.759589594,"remaining_time":0.1024099764},
{"learn":[1416.193611],"iteration":945,"passed_time":1.761202893,"remaining_time":0.1005337803},
{"learn":[1416.11156],"iteration":946,"passed_time":1.762926648,"remaining_time":0.09866432135},
{"learn":[1415.208012],"iteration":947,"passed_time":1.765009732,"remaining_time":0.09681487984},
{"learn":[1414.864784],"iteration":948,"passed_time":1.767009288,"remaining_time":0.09496045702},
{"learn":[1414.430001],"iteration":949,"passed_time":1.768490511,"remaining_time":0.09307844797},
{"learn":[1413.999047],"iteration":950,"passed_time":1.770074224,"remaining_time":0.09120256252},
{"learn":[1413.50439],"iteration":951,"passed_time":1.77150458,"remaining_time":0.08931955866},
{"learn":[1413.175695],"iteration":952,"passed_time":1.773103014,"remaining_time":0.08744579397},
{"learn":[1412.890466],"iteration":953,"passed_time":1.77469387,"remaining_time":0.0855722411},
{"learn":[1412.644538],"iteration":954,"passed_time":1.776144552,"remaining_time":0.08369267525},
{"learn":[1412.641785],"iteration":955,"passed_time":1.777376661,"remaining_time":0.08180394673},
{"learn":[1412.620151],"iteration":956,"passed_time":1.778699157,"remaining_time":0.07992065177},
{"learn":[1412.269669],"iteration":957,"passed_time":1.78018009,"remaining_time":0.07804547369},
{"learn":[1412.047232],"iteration":958,"passed_time":1.781892661,"remaining_time":0.07618102095},
{"learn":[1411.873248],"iteration":959,"passed_time":1.784112408,"remaining_time":0.07433801699},
{"learn":[1411.48025],"iteration":960,"passed_time":1.785962191,"remaining_time":0.07247921484},
{"learn":[1411.077792],"iteration":961,"passed_time":1.787563793,"remaining_time":0.07061062801},
{"learn":[1410.604637],"iteration":962,"passed_time":1.789079123,"remaining_time":0.06873928095},
{"learn":[1410.188544],"iteration":963,"passed_time":1.790438955,"remaining_time":0.06686286555},
{"learn":[1409.860718],"iteration":964,"passed_time":1.791777024,"remaining_time":0.06498673145},
{"learn":[1409.355195],"iteration":965,"passed_time":1.793328879,"remaining_time":0.0631192359},
{"learn":[1409.19303],"iteration":966,"passed_time":1.794833612,"remaining_time":0.0612507851},
{"learn":[1408.703116],"iteration":967,"passed_time":1.79632957,"remaining_time":0.05938279571},
{"learn":[1408.613458],"iteration":968,"passed_time":1.797852831,"remaining_time":0.05751644765},
{"learn":[1408.284576],"iteration":969,"passed_time":1.799455639,"remaining_time":0.05565326717},
{"learn":[1407.947105],"iteration":970,"passed_time":1.80103115,"remaining_time":0.05378980777},
{"learn":[1407.944684],"iteration":971,"passed_time":1.802346866,"remaining_time":0.05191945706},
{"learn":[1407.753869],"iteration":972,"passed_time":1.803711966,"remaining_time":0.05005161672},
{"learn":[1407.539058],"iteration":973,"passed_time":1.805265637,"remaining_time":0.04818984246},
{"learn":[1407.31725],"iteration":974,"passed_time":1.806920667,"remaining_time":0.04633129915},
{"learn":[1406.954226],"iteration":975,"passed_time":1.808577505,"remaining_time":0.04447321734},
{"learn":[1406.690691],"iteration":976,"passed_time":1.810175822,"remaining_time":0.04261416981},
{"learn":[1406.528425],"iteration":977,"passed_time":1.812005983,"remaining_time":0.04076087079},
{"learn":[1406.302287],"iteration":978,"passed_time":1.813556782,"remaining_time":0.03890162657},
{"learn":[1405.918717],"iteration":979,"passed_time":1.815063883,"remaining_time":0.03704212005},
{"learn":[1405.274691],"iteration":980,"passed_time":1.816800651,"remaining_time":0.0351877802},
{"learn":[1405.094506],"iteration":981,"passed_time":1.818320217,"remaining_time":0.03332969847},
{"learn":[1404.651987],"iteration":982,"passed_time":1.819984918,"remaining_time":0.03147481547},
{"learn":[1404.259257],"iteration":983,"passed_time":1.821782936,"remaining_time":0.02962248676},
{"learn":[1404.054162],"iteration":984,"passed_time":1.82330101,"remaining_time":0.02776600523},
{"learn":[1403.696062],"iteration":985,"passed_time":1.824822054,"remaining_time":0.02591025228},
{"learn":[1403.410986],"iteration":986,"passed_time":1.826387511,"remaining_time":0.02405576255},
{"learn":[1403.137482],"iteration":987,"passed_time":1.828005711,"remaining_time":0.02220249852},
{"learn":[1402.622051],"iteration":988,"passed_time":1.829617674,"remaining_time":0.02034964046},
{"learn":[1402.41108],"iteration":989,"passed_time":1.831159179,"remaining_time":0.01849655737},
{"learn":[1402.167027],"iteration":990,"passed_time":1.832647022,"remaining_time":0.01664361574},
{"learn":[1402.051127],"iteration":991,"passed_time":1.834094588,"remaining_time":0.01479108539},
{"learn":[1401.943265],"iteration":992,"passed_time":1.835719653,"remaining_time":0.01294062192},
{"learn":[1401.706863],"iteration":993,"passed_time":1.837599825,"remaining_time":0.01109215186},
{"learn":[1401.278417],"iteration":994,"passed_time":1.83922333,"remaining_time":0.00924232829},
{"learn":[1401.191403],"iteration":995,"passed_time":1.840974808,"remaining_time":0.007393473124},
{"learn":[1400.597987],"iteration":996,"passed_time":1.843348295,"remaining_time":0.005546684939},
{"learn":[1399.858013],"iteration":997,"passed_time":1.84582766,"remaining_time":0.003699053427},
{"learn":[1399.621094],"iteration":998,"passed_time":1.847658018,"remaining_time":0.001849507526},
{"learn":[1399.330041],"iteration":999,"passed_time":1.849292681,"remaining_time":0}
]}